LOCATION,INDICATOR,SUBJECT,MEASURE,FREQUENCY,TIME,Value
AUS,GRADRATEFIELD,EDU,PC,A,2005,9.864
AUS,GRADRATEFIELD,EDU,PC,A,2010,8.312
AUS,GRADRATEFIELD,EDU,PC,A,2011,7.697
AUS,GRADRATEFIELD,EDU,PC,A,2012,7.734
AUS,GRADRATEFIELD,EDU,PC,A,2013,7.684
AUS,GRADRATEFIELD,EDU,PC,A,2014,7.695
AUS,GRADRATEFIELD,EDU,PC,A,2015,8.608
AUS,GRADRATEFIELD,EDU,PC,A,2016,9.39
AUS,GRADRATEFIELD,EDU,PC,A,2017,9.997
AUS,GRADRATEFIELD,EDU,PC,A,2018,8.641
AUS,GRADRATEFIELD,EDU,PC,A,2019,8.365
AUS,GRADRATEFIELD,EDU,PC,A,2020,8.058
AUS,GRADRATEFIELD,HEALTH,PC,A,2005,13.6
AUS,GRADRATEFIELD,HEALTH,PC,A,2010,16.158
AUS,GRADRATEFIELD,HEALTH,PC,A,2011,16.966
AUS,GRADRATEFIELD,HEALTH,PC,A,2012,17.689
AUS,GRADRATEFIELD,HEALTH,PC,A,2013,17.733
AUS,GRADRATEFIELD,HEALTH,PC,A,2014,18.63
AUS,GRADRATEFIELD,HEALTH,PC,A,2015,19.306
AUS,GRADRATEFIELD,HEALTH,PC,A,2016,18.182
AUS,GRADRATEFIELD,HEALTH,PC,A,2017,18.264
AUS,GRADRATEFIELD,HEALTH,PC,A,2018,17.478
AUS,GRADRATEFIELD,HEALTH,PC,A,2019,18.326
AUS,GRADRATEFIELD,HEALTH,PC,A,2020,17.819
AUS,GRADRATEFIELD,ARTS,PC,A,2005,11.14
AUS,GRADRATEFIELD,ARTS,PC,A,2010,10.567
AUS,GRADRATEFIELD,ARTS,PC,A,2011,10.298
AUS,GRADRATEFIELD,ARTS,PC,A,2012,10.168
AUS,GRADRATEFIELD,ARTS,PC,A,2013,9.813
AUS,GRADRATEFIELD,ARTS,PC,A,2014,10.083
AUS,GRADRATEFIELD,ARTS,PC,A,2015,10.689
AUS,GRADRATEFIELD,ARTS,PC,A,2016,10.848
AUS,GRADRATEFIELD,ARTS,PC,A,2017,10.72
AUS,GRADRATEFIELD,ARTS,PC,A,2018,12.086
AUS,GRADRATEFIELD,ARTS,PC,A,2019,10.508
AUS,GRADRATEFIELD,ARTS,PC,A,2020,9.201
AUS,GRADRATEFIELD,BUSINESS,PC,A,2005,34.215
AUS,GRADRATEFIELD,BUSINESS,PC,A,2010,38.912
AUS,GRADRATEFIELD,BUSINESS,PC,A,2011,39.482
AUS,GRADRATEFIELD,BUSINESS,PC,A,2012,38.379
AUS,GRADRATEFIELD,BUSINESS,PC,A,2013,37.884
AUS,GRADRATEFIELD,BUSINESS,PC,A,2014,36.442
AUS,GRADRATEFIELD,BUSINESS,PC,A,2015,34.208
AUS,GRADRATEFIELD,BUSINESS,PC,A,2016,33.742
AUS,GRADRATEFIELD,BUSINESS,PC,A,2017,33.381
AUS,GRADRATEFIELD,BUSINESS,PC,A,2018,35.916
AUS,GRADRATEFIELD,BUSINESS,PC,A,2019,36.438
AUS,GRADRATEFIELD,BUSINESS,PC,A,2020,36.586
AUS,GRADRATEFIELD,ENGINEERING,PC,A,2005,8.981
AUS,GRADRATEFIELD,ENGINEERING,PC,A,2010,8.696
AUS,GRADRATEFIELD,ENGINEERING,PC,A,2011,8.588
AUS,GRADRATEFIELD,ENGINEERING,PC,A,2012,8.905
AUS,GRADRATEFIELD,ENGINEERING,PC,A,2013,8.931
AUS,GRADRATEFIELD,ENGINEERING,PC,A,2014,9.323
AUS,GRADRATEFIELD,ENGINEERING,PC,A,2015,7.734
AUS,GRADRATEFIELD,ENGINEERING,PC,A,2016,8.174
AUS,GRADRATEFIELD,ENGINEERING,PC,A,2017,8.278
AUS,GRADRATEFIELD,ENGINEERING,PC,A,2018,7.844
AUS,GRADRATEFIELD,ENGINEERING,PC,A,2019,8.197
AUS,GRADRATEFIELD,ENGINEERING,PC,A,2020,8.549
AUS,GRADRATEFIELD,SOC_SCI,PC,A,2005,6.393
AUS,GRADRATEFIELD,SOC_SCI,PC,A,2010,5.507
AUS,GRADRATEFIELD,SOC_SCI,PC,A,2011,5.496
AUS,GRADRATEFIELD,SOC_SCI,PC,A,2012,5.69
AUS,GRADRATEFIELD,SOC_SCI,PC,A,2013,6.382
AUS,GRADRATEFIELD,SOC_SCI,PC,A,2014,6.167
AUS,GRADRATEFIELD,SOC_SCI,PC,A,2015,7.39
AUS,GRADRATEFIELD,SOC_SCI,PC,A,2016,7.123
AUS,GRADRATEFIELD,SOC_SCI,PC,A,2017,7.037
AUS,GRADRATEFIELD,SOC_SCI,PC,A,2018,5.999
AUS,GRADRATEFIELD,SOC_SCI,PC,A,2019,5.538
AUS,GRADRATEFIELD,SOC_SCI,PC,A,2020,5.607
AUT,GRADRATEFIELD,EDU,PC,A,2010,8.391
AUT,GRADRATEFIELD,EDU,PC,A,2011,8.693
AUT,GRADRATEFIELD,EDU,PC,A,2012,10.246
AUT,GRADRATEFIELD,EDU,PC,A,2013,10.893
AUT,GRADRATEFIELD,EDU,PC,A,2014,11.466
AUT,GRADRATEFIELD,EDU,PC,A,2015,12.723
AUT,GRADRATEFIELD,EDU,PC,A,2016,12.246
AUT,GRADRATEFIELD,EDU,PC,A,2017,12.934
AUT,GRADRATEFIELD,EDU,PC,A,2018,11.599
AUT,GRADRATEFIELD,EDU,PC,A,2019,11.315
AUT,GRADRATEFIELD,EDU,PC,A,2020,11.924
AUT,GRADRATEFIELD,HEALTH,PC,A,2010,8.499
AUT,GRADRATEFIELD,HEALTH,PC,A,2011,6.844
AUT,GRADRATEFIELD,HEALTH,PC,A,2012,6.724
AUT,GRADRATEFIELD,HEALTH,PC,A,2013,6.652
AUT,GRADRATEFIELD,HEALTH,PC,A,2014,6.546
AUT,GRADRATEFIELD,HEALTH,PC,A,2015,6.658
AUT,GRADRATEFIELD,HEALTH,PC,A,2016,7.351
AUT,GRADRATEFIELD,HEALTH,PC,A,2017,7.484
AUT,GRADRATEFIELD,HEALTH,PC,A,2018,8.433
AUT,GRADRATEFIELD,HEALTH,PC,A,2019,8.722
AUT,GRADRATEFIELD,HEALTH,PC,A,2020,8.84
AUT,GRADRATEFIELD,ARTS,PC,A,2010,7.309
AUT,GRADRATEFIELD,ARTS,PC,A,2011,7.498
AUT,GRADRATEFIELD,ARTS,PC,A,2012,8.4
AUT,GRADRATEFIELD,ARTS,PC,A,2013,10.962
AUT,GRADRATEFIELD,ARTS,PC,A,2014,9.049
AUT,GRADRATEFIELD,ARTS,PC,A,2015,9.022
AUT,GRADRATEFIELD,ARTS,PC,A,2016,7.497
AUT,GRADRATEFIELD,ARTS,PC,A,2017,7.85
AUT,GRADRATEFIELD,ARTS,PC,A,2018,8.092
AUT,GRADRATEFIELD,ARTS,PC,A,2019,7.662
AUT,GRADRATEFIELD,ARTS,PC,A,2020,7.216
AUT,GRADRATEFIELD,BUSINESS,PC,A,2010,25.616
AUT,GRADRATEFIELD,BUSINESS,PC,A,2011,27.14
AUT,GRADRATEFIELD,BUSINESS,PC,A,2012,25.652
AUT,GRADRATEFIELD,BUSINESS,PC,A,2013,22.737
AUT,GRADRATEFIELD,BUSINESS,PC,A,2014,21.578
AUT,GRADRATEFIELD,BUSINESS,PC,A,2015,21.637
AUT,GRADRATEFIELD,BUSINESS,PC,A,2016,21.747
AUT,GRADRATEFIELD,BUSINESS,PC,A,2017,22.909
AUT,GRADRATEFIELD,BUSINESS,PC,A,2018,24.375
AUT,GRADRATEFIELD,BUSINESS,PC,A,2019,24.068
AUT,GRADRATEFIELD,BUSINESS,PC,A,2020,24.307
AUT,GRADRATEFIELD,ENGINEERING,PC,A,2010,21.847
AUT,GRADRATEFIELD,ENGINEERING,PC,A,2011,21.241
AUT,GRADRATEFIELD,ENGINEERING,PC,A,2012,20.117
AUT,GRADRATEFIELD,ENGINEERING,PC,A,2013,18.511
AUT,GRADRATEFIELD,ENGINEERING,PC,A,2014,20.777
AUT,GRADRATEFIELD,ENGINEERING,PC,A,2015,19.697
AUT,GRADRATEFIELD,ENGINEERING,PC,A,2016,20.506
AUT,GRADRATEFIELD,ENGINEERING,PC,A,2017,20.128
AUT,GRADRATEFIELD,ENGINEERING,PC,A,2018,20.593
AUT,GRADRATEFIELD,ENGINEERING,PC,A,2019,21.021
AUT,GRADRATEFIELD,ENGINEERING,PC,A,2020,20.671
AUT,GRADRATEFIELD,SOC_SCI,PC,A,2010,7.451
AUT,GRADRATEFIELD,SOC_SCI,PC,A,2011,8.038
AUT,GRADRATEFIELD,SOC_SCI,PC,A,2012,9.196
AUT,GRADRATEFIELD,SOC_SCI,PC,A,2013,10.103
AUT,GRADRATEFIELD,SOC_SCI,PC,A,2014,10.046
AUT,GRADRATEFIELD,SOC_SCI,PC,A,2015,10.155
AUT,GRADRATEFIELD,SOC_SCI,PC,A,2016,11.348
AUT,GRADRATEFIELD,SOC_SCI,PC,A,2017,9.409
AUT,GRADRATEFIELD,SOC_SCI,PC,A,2018,7.257
AUT,GRADRATEFIELD,SOC_SCI,PC,A,2019,7.523
AUT,GRADRATEFIELD,SOC_SCI,PC,A,2020,7.59
BEL,GRADRATEFIELD,EDU,PC,A,2010,9.985
BEL,GRADRATEFIELD,EDU,PC,A,2012,9.885
BEL,GRADRATEFIELD,EDU,PC,A,2013,9.753
BEL,GRADRATEFIELD,EDU,PC,A,2016,8.829
BEL,GRADRATEFIELD,EDU,PC,A,2017,8.707
BEL,GRADRATEFIELD,EDU,PC,A,2018,8.143
BEL,GRADRATEFIELD,EDU,PC,A,2019,8.074
BEL,GRADRATEFIELD,EDU,PC,A,2020,8.354
BEL,GRADRATEFIELD,HEALTH,PC,A,2010,22.6
BEL,GRADRATEFIELD,HEALTH,PC,A,2012,23.916
BEL,GRADRATEFIELD,HEALTH,PC,A,2013,24.623
BEL,GRADRATEFIELD,HEALTH,PC,A,2016,27.303
BEL,GRADRATEFIELD,HEALTH,PC,A,2017,28.18
BEL,GRADRATEFIELD,HEALTH,PC,A,2018,29.739
BEL,GRADRATEFIELD,HEALTH,PC,A,2019,27.808
BEL,GRADRATEFIELD,HEALTH,PC,A,2020,25.702
BEL,GRADRATEFIELD,ARTS,PC,A,2010,12.31
BEL,GRADRATEFIELD,ARTS,PC,A,2012,11.783
BEL,GRADRATEFIELD,ARTS,PC,A,2013,11.474
BEL,GRADRATEFIELD,ARTS,PC,A,2016,10.324
BEL,GRADRATEFIELD,ARTS,PC,A,2017,10.086
BEL,GRADRATEFIELD,ARTS,PC,A,2018,9.616
BEL,GRADRATEFIELD,ARTS,PC,A,2019,9.902
BEL,GRADRATEFIELD,ARTS,PC,A,2020,9.496
BEL,GRADRATEFIELD,BUSINESS,PC,A,2010,20.58
BEL,GRADRATEFIELD,BUSINESS,PC,A,2012,20.097
BEL,GRADRATEFIELD,BUSINESS,PC,A,2013,20.148
BEL,GRADRATEFIELD,BUSINESS,PC,A,2016,21.757
BEL,GRADRATEFIELD,BUSINESS,PC,A,2017,22.15
BEL,GRADRATEFIELD,BUSINESS,PC,A,2018,20.994
BEL,GRADRATEFIELD,BUSINESS,PC,A,2019,21.563
BEL,GRADRATEFIELD,BUSINESS,PC,A,2020,23.456
BEL,GRADRATEFIELD,ENGINEERING,PC,A,2010,11.853
BEL,GRADRATEFIELD,ENGINEERING,PC,A,2012,11.998
BEL,GRADRATEFIELD,ENGINEERING,PC,A,2013,12.374
BEL,GRADRATEFIELD,ENGINEERING,PC,A,2016,11.924
BEL,GRADRATEFIELD,ENGINEERING,PC,A,2017,11.63
BEL,GRADRATEFIELD,ENGINEERING,PC,A,2018,11.537
BEL,GRADRATEFIELD,ENGINEERING,PC,A,2019,12.06
BEL,GRADRATEFIELD,ENGINEERING,PC,A,2020,11.902
BEL,GRADRATEFIELD,SOC_SCI,PC,A,2010,12.451
BEL,GRADRATEFIELD,SOC_SCI,PC,A,2012,12.21
BEL,GRADRATEFIELD,SOC_SCI,PC,A,2013,12.095
BEL,GRADRATEFIELD,SOC_SCI,PC,A,2016,10.58
BEL,GRADRATEFIELD,SOC_SCI,PC,A,2017,9.965
BEL,GRADRATEFIELD,SOC_SCI,PC,A,2018,10.537
BEL,GRADRATEFIELD,SOC_SCI,PC,A,2019,10.819
BEL,GRADRATEFIELD,SOC_SCI,PC,A,2020,11.542
CAN,GRADRATEFIELD,EDU,PC,A,2005,9.604
CAN,GRADRATEFIELD,EDU,PC,A,2010,8.707
CAN,GRADRATEFIELD,EDU,PC,A,2011,9.867
CAN,GRADRATEFIELD,EDU,PC,A,2012,8.146
CAN,GRADRATEFIELD,EDU,PC,A,2013,7.946
CAN,GRADRATEFIELD,EDU,PC,A,2014,7.907
CAN,GRADRATEFIELD,EDU,PC,A,2015,6.152
CAN,GRADRATEFIELD,EDU,PC,A,2016,7.696
CAN,GRADRATEFIELD,EDU,PC,A,2017,5.795
CAN,GRADRATEFIELD,EDU,PC,A,2018,5.665
CAN,GRADRATEFIELD,EDU,PC,A,2019,5.228
CAN,GRADRATEFIELD,EDU,PC,A,2020,5.22
CAN,GRADRATEFIELD,HEALTH,PC,A,2005,13.55
CAN,GRADRATEFIELD,HEALTH,PC,A,2010,14.415
CAN,GRADRATEFIELD,HEALTH,PC,A,2011,14.808
CAN,GRADRATEFIELD,HEALTH,PC,A,2012,14.869
CAN,GRADRATEFIELD,HEALTH,PC,A,2013,14.875
CAN,GRADRATEFIELD,HEALTH,PC,A,2014,14.367
CAN,GRADRATEFIELD,HEALTH,PC,A,2015,14.535
CAN,GRADRATEFIELD,HEALTH,PC,A,2016,14.168
CAN,GRADRATEFIELD,HEALTH,PC,A,2017,14.719
CAN,GRADRATEFIELD,HEALTH,PC,A,2018,14.722
CAN,GRADRATEFIELD,HEALTH,PC,A,2019,15.788
CAN,GRADRATEFIELD,HEALTH,PC,A,2020,15.732
CAN,GRADRATEFIELD,ARTS,PC,A,2005,11.702
CAN,GRADRATEFIELD,ARTS,PC,A,2010,11.223
CAN,GRADRATEFIELD,ARTS,PC,A,2011,10.419
CAN,GRADRATEFIELD,ARTS,PC,A,2012,11.35
CAN,GRADRATEFIELD,ARTS,PC,A,2013,11.451
CAN,GRADRATEFIELD,ARTS,PC,A,2014,10.901
CAN,GRADRATEFIELD,ARTS,PC,A,2015,11.22
CAN,GRADRATEFIELD,ARTS,PC,A,2016,10.477
CAN,GRADRATEFIELD,ARTS,PC,A,2017,9.655
CAN,GRADRATEFIELD,ARTS,PC,A,2018,9.613
CAN,GRADRATEFIELD,ARTS,PC,A,2019,8.201
CAN,GRADRATEFIELD,ARTS,PC,A,2020,8.166
CAN,GRADRATEFIELD,BUSINESS,PC,A,2005,23.412
CAN,GRADRATEFIELD,BUSINESS,PC,A,2010,25.582
CAN,GRADRATEFIELD,BUSINESS,PC,A,2011,26.682
CAN,GRADRATEFIELD,BUSINESS,PC,A,2012,25.446
CAN,GRADRATEFIELD,BUSINESS,PC,A,2013,25.3
CAN,GRADRATEFIELD,BUSINESS,PC,A,2014,26.482
CAN,GRADRATEFIELD,BUSINESS,PC,A,2015,26.139
CAN,GRADRATEFIELD,BUSINESS,PC,A,2016,25.981
CAN,GRADRATEFIELD,BUSINESS,PC,A,2017,27.36
CAN,GRADRATEFIELD,BUSINESS,PC,A,2018,27.692
CAN,GRADRATEFIELD,BUSINESS,PC,A,2019,25.913
CAN,GRADRATEFIELD,BUSINESS,PC,A,2020,26.043
CAN,GRADRATEFIELD,ENGINEERING,PC,A,2005,11.441
CAN,GRADRATEFIELD,ENGINEERING,PC,A,2010,10.969
CAN,GRADRATEFIELD,ENGINEERING,PC,A,2011,10.883
CAN,GRADRATEFIELD,ENGINEERING,PC,A,2012,10.806
CAN,GRADRATEFIELD,ENGINEERING,PC,A,2013,10.8
CAN,GRADRATEFIELD,ENGINEERING,PC,A,2014,10.974
CAN,GRADRATEFIELD,ENGINEERING,PC,A,2015,11.501
CAN,GRADRATEFIELD,ENGINEERING,PC,A,2016,12.167
CAN,GRADRATEFIELD,ENGINEERING,PC,A,2017,13.091
CAN,GRADRATEFIELD,ENGINEERING,PC,A,2018,13.132
CAN,GRADRATEFIELD,ENGINEERING,PC,A,2019,12.626
CAN,GRADRATEFIELD,ENGINEERING,PC,A,2020,12.758
CAN,GRADRATEFIELD,SOC_SCI,PC,A,2005,13.025
CAN,GRADRATEFIELD,SOC_SCI,PC,A,2010,13.327
CAN,GRADRATEFIELD,SOC_SCI,PC,A,2011,11.898
CAN,GRADRATEFIELD,SOC_SCI,PC,A,2012,13.137
CAN,GRADRATEFIELD,SOC_SCI,PC,A,2013,13.272
CAN,GRADRATEFIELD,SOC_SCI,PC,A,2014,15.603
CAN,GRADRATEFIELD,SOC_SCI,PC,A,2015,16.145
CAN,GRADRATEFIELD,SOC_SCI,PC,A,2016,15.53
CAN,GRADRATEFIELD,SOC_SCI,PC,A,2017,15.046
CAN,GRADRATEFIELD,SOC_SCI,PC,A,2018,14.883
CAN,GRADRATEFIELD,SOC_SCI,PC,A,2019,10.444
CAN,GRADRATEFIELD,SOC_SCI,PC,A,2020,10.267
CZE,GRADRATEFIELD,EDU,PC,A,2013,11.752
CZE,GRADRATEFIELD,EDU,PC,A,2014,11.35
CZE,GRADRATEFIELD,EDU,PC,A,2015,10.982
CZE,GRADRATEFIELD,EDU,PC,A,2016,10.48
CZE,GRADRATEFIELD,EDU,PC,A,2017,10.549
CZE,GRADRATEFIELD,EDU,PC,A,2018,11.395
CZE,GRADRATEFIELD,EDU,PC,A,2019,13.238
CZE,GRADRATEFIELD,EDU,PC,A,2020,12.359
CZE,GRADRATEFIELD,HEALTH,PC,A,2013,10.458
CZE,GRADRATEFIELD,HEALTH,PC,A,2014,10.964
CZE,GRADRATEFIELD,HEALTH,PC,A,2015,10.867
CZE,GRADRATEFIELD,HEALTH,PC,A,2016,11.531
CZE,GRADRATEFIELD,HEALTH,PC,A,2017,12.325
CZE,GRADRATEFIELD,HEALTH,PC,A,2018,12.175
CZE,GRADRATEFIELD,HEALTH,PC,A,2019,12.233
CZE,GRADRATEFIELD,HEALTH,PC,A,2020,12.717
CZE,GRADRATEFIELD,ARTS,PC,A,2013,8.479
CZE,GRADRATEFIELD,ARTS,PC,A,2014,8.43
CZE,GRADRATEFIELD,ARTS,PC,A,2015,8.387
CZE,GRADRATEFIELD,ARTS,PC,A,2016,8.546
CZE,GRADRATEFIELD,ARTS,PC,A,2017,8.495
CZE,GRADRATEFIELD,ARTS,PC,A,2018,8.712
CZE,GRADRATEFIELD,ARTS,PC,A,2019,8.632
CZE,GRADRATEFIELD,ARTS,PC,A,2020,8.664
CZE,GRADRATEFIELD,BUSINESS,PC,A,2013,26.83
CZE,GRADRATEFIELD,BUSINESS,PC,A,2014,26.993
CZE,GRADRATEFIELD,BUSINESS,PC,A,2015,22.59
CZE,GRADRATEFIELD,BUSINESS,PC,A,2016,21.514
CZE,GRADRATEFIELD,BUSINESS,PC,A,2017,20.618
CZE,GRADRATEFIELD,BUSINESS,PC,A,2018,19.887
CZE,GRADRATEFIELD,BUSINESS,PC,A,2019,18.869
CZE,GRADRATEFIELD,BUSINESS,PC,A,2020,19.177
CZE,GRADRATEFIELD,ENGINEERING,PC,A,2013,13.639
CZE,GRADRATEFIELD,ENGINEERING,PC,A,2014,14.4
CZE,GRADRATEFIELD,ENGINEERING,PC,A,2015,15.806
CZE,GRADRATEFIELD,ENGINEERING,PC,A,2016,15.883
CZE,GRADRATEFIELD,ENGINEERING,PC,A,2017,15.935
CZE,GRADRATEFIELD,ENGINEERING,PC,A,2018,15.473
CZE,GRADRATEFIELD,ENGINEERING,PC,A,2019,15.077
CZE,GRADRATEFIELD,ENGINEERING,PC,A,2020,15.022
CZE,GRADRATEFIELD,SOC_SCI,PC,A,2013,9.596
CZE,GRADRATEFIELD,SOC_SCI,PC,A,2014,9.052
CZE,GRADRATEFIELD,SOC_SCI,PC,A,2015,11.32
CZE,GRADRATEFIELD,SOC_SCI,PC,A,2016,11.46
CZE,GRADRATEFIELD,SOC_SCI,PC,A,2017,10.697
CZE,GRADRATEFIELD,SOC_SCI,PC,A,2018,10.96
CZE,GRADRATEFIELD,SOC_SCI,PC,A,2019,10.492
CZE,GRADRATEFIELD,SOC_SCI,PC,A,2020,10.806
DNK,GRADRATEFIELD,EDU,PC,A,2005,10.752
DNK,GRADRATEFIELD,EDU,PC,A,2010,9.048
DNK,GRADRATEFIELD,EDU,PC,A,2011,7.839
DNK,GRADRATEFIELD,EDU,PC,A,2012,7.949
DNK,GRADRATEFIELD,EDU,PC,A,2013,6.874
DNK,GRADRATEFIELD,EDU,PC,A,2014,7.377
DNK,GRADRATEFIELD,EDU,PC,A,2015,8.804
DNK,GRADRATEFIELD,EDU,PC,A,2016,5.786
DNK,GRADRATEFIELD,EDU,PC,A,2017,6.038
DNK,GRADRATEFIELD,EDU,PC,A,2018,5.243
DNK,GRADRATEFIELD,EDU,PC,A,2019,5.223
DNK,GRADRATEFIELD,EDU,PC,A,2020,5.165
DNK,GRADRATEFIELD,HEALTH,PC,A,2005,24.413
DNK,GRADRATEFIELD,HEALTH,PC,A,2010,23.462
DNK,GRADRATEFIELD,HEALTH,PC,A,2011,21.989
DNK,GRADRATEFIELD,HEALTH,PC,A,2012,19.988
DNK,GRADRATEFIELD,HEALTH,PC,A,2013,20.988
DNK,GRADRATEFIELD,HEALTH,PC,A,2014,21.22
DNK,GRADRATEFIELD,HEALTH,PC,A,2015,21.632
DNK,GRADRATEFIELD,HEALTH,PC,A,2016,20.335
DNK,GRADRATEFIELD,HEALTH,PC,A,2017,20.882
DNK,GRADRATEFIELD,HEALTH,PC,A,2018,20.909
DNK,GRADRATEFIELD,HEALTH,PC,A,2019,20.482
DNK,GRADRATEFIELD,HEALTH,PC,A,2020,20.57
DNK,GRADRATEFIELD,ARTS,PC,A,2005,13.662
DNK,GRADRATEFIELD,ARTS,PC,A,2010,13.354
DNK,GRADRATEFIELD,ARTS,PC,A,2011,11.869
DNK,GRADRATEFIELD,ARTS,PC,A,2012,12.483
DNK,GRADRATEFIELD,ARTS,PC,A,2013,12.25
DNK,GRADRATEFIELD,ARTS,PC,A,2014,11.736
DNK,GRADRATEFIELD,ARTS,PC,A,2015,12.867
DNK,GRADRATEFIELD,ARTS,PC,A,2016,13.175
DNK,GRADRATEFIELD,ARTS,PC,A,2017,12.283
DNK,GRADRATEFIELD,ARTS,PC,A,2018,11.562
DNK,GRADRATEFIELD,ARTS,PC,A,2019,11.448
DNK,GRADRATEFIELD,ARTS,PC,A,2020,10.565
DNK,GRADRATEFIELD,BUSINESS,PC,A,2005,19.602
DNK,GRADRATEFIELD,BUSINESS,PC,A,2010,22.311
DNK,GRADRATEFIELD,BUSINESS,PC,A,2011,25.4
DNK,GRADRATEFIELD,BUSINESS,PC,A,2012,25.648
DNK,GRADRATEFIELD,BUSINESS,PC,A,2013,26.536
DNK,GRADRATEFIELD,BUSINESS,PC,A,2014,26.446
DNK,GRADRATEFIELD,BUSINESS,PC,A,2015,20.439
DNK,GRADRATEFIELD,BUSINESS,PC,A,2016,24.871
DNK,GRADRATEFIELD,BUSINESS,PC,A,2017,24.742
DNK,GRADRATEFIELD,BUSINESS,PC,A,2018,25.689
DNK,GRADRATEFIELD,BUSINESS,PC,A,2019,25.407
DNK,GRADRATEFIELD,BUSINESS,PC,A,2020,26.132
DNK,GRADRATEFIELD,ENGINEERING,PC,A,2005,11.149
DNK,GRADRATEFIELD,ENGINEERING,PC,A,2010,11.177
DNK,GRADRATEFIELD,ENGINEERING,PC,A,2011,12.419
DNK,GRADRATEFIELD,ENGINEERING,PC,A,2012,13.272
DNK,GRADRATEFIELD,ENGINEERING,PC,A,2013,12.177
DNK,GRADRATEFIELD,ENGINEERING,PC,A,2014,12.547
DNK,GRADRATEFIELD,ENGINEERING,PC,A,2015,10.654
DNK,GRADRATEFIELD,ENGINEERING,PC,A,2016,10.333
DNK,GRADRATEFIELD,ENGINEERING,PC,A,2017,10.965
DNK,GRADRATEFIELD,ENGINEERING,PC,A,2018,12.026
DNK,GRADRATEFIELD,ENGINEERING,PC,A,2019,12.079
DNK,GRADRATEFIELD,ENGINEERING,PC,A,2020,12.342
DNK,GRADRATEFIELD,SOC_SCI,PC,A,2005,8.159
DNK,GRADRATEFIELD,SOC_SCI,PC,A,2010,8.784
DNK,GRADRATEFIELD,SOC_SCI,PC,A,2011,8.208
DNK,GRADRATEFIELD,SOC_SCI,PC,A,2012,8.427
DNK,GRADRATEFIELD,SOC_SCI,PC,A,2013,8.552
DNK,GRADRATEFIELD,SOC_SCI,PC,A,2014,8.475
DNK,GRADRATEFIELD,SOC_SCI,PC,A,2015,10.425
DNK,GRADRATEFIELD,SOC_SCI,PC,A,2016,11.072
DNK,GRADRATEFIELD,SOC_SCI,PC,A,2017,10.234
DNK,GRADRATEFIELD,SOC_SCI,PC,A,2018,10.026
DNK,GRADRATEFIELD,SOC_SCI,PC,A,2019,10.122
DNK,GRADRATEFIELD,SOC_SCI,PC,A,2020,10.025
FIN,GRADRATEFIELD,EDU,PC,A,2005,7.236
FIN,GRADRATEFIELD,EDU,PC,A,2010,5.71
FIN,GRADRATEFIELD,EDU,PC,A,2011,6.306
FIN,GRADRATEFIELD,EDU,PC,A,2012,6.421
FIN,GRADRATEFIELD,EDU,PC,A,2013,6.203
FIN,GRADRATEFIELD,EDU,PC,A,2014,6.212
FIN,GRADRATEFIELD,EDU,PC,A,2015,6.511
FIN,GRADRATEFIELD,EDU,PC,A,2016,6.421
FIN,GRADRATEFIELD,EDU,PC,A,2017,6.71
FIN,GRADRATEFIELD,EDU,PC,A,2018,6.765
FIN,GRADRATEFIELD,EDU,PC,A,2019,6.621
FIN,GRADRATEFIELD,EDU,PC,A,2020,6.981
FIN,GRADRATEFIELD,HEALTH,PC,A,2005,20.573
FIN,GRADRATEFIELD,HEALTH,PC,A,2010,19.581
FIN,GRADRATEFIELD,HEALTH,PC,A,2011,20.768
FIN,GRADRATEFIELD,HEALTH,PC,A,2012,20.927
FIN,GRADRATEFIELD,HEALTH,PC,A,2013,20.764
FIN,GRADRATEFIELD,HEALTH,PC,A,2014,20.587
FIN,GRADRATEFIELD,HEALTH,PC,A,2015,19.472
FIN,GRADRATEFIELD,HEALTH,PC,A,2016,19.705
FIN,GRADRATEFIELD,HEALTH,PC,A,2017,21.427
FIN,GRADRATEFIELD,HEALTH,PC,A,2018,21.93
FIN,GRADRATEFIELD,HEALTH,PC,A,2019,21.318
FIN,GRADRATEFIELD,HEALTH,PC,A,2020,19.553
FIN,GRADRATEFIELD,ARTS,PC,A,2005,11.682
FIN,GRADRATEFIELD,ARTS,PC,A,2010,13.269
FIN,GRADRATEFIELD,ARTS,PC,A,2011,13.661
FIN,GRADRATEFIELD,ARTS,PC,A,2012,13.318
FIN,GRADRATEFIELD,ARTS,PC,A,2013,13.205
FIN,GRADRATEFIELD,ARTS,PC,A,2014,13.156
FIN,GRADRATEFIELD,ARTS,PC,A,2015,12.879
FIN,GRADRATEFIELD,ARTS,PC,A,2016,12.318
FIN,GRADRATEFIELD,ARTS,PC,A,2017,11.187
FIN,GRADRATEFIELD,ARTS,PC,A,2018,10.479
FIN,GRADRATEFIELD,ARTS,PC,A,2019,11.011
FIN,GRADRATEFIELD,ARTS,PC,A,2020,11.263
FIN,GRADRATEFIELD,BUSINESS,PC,A,2005,17.805
FIN,GRADRATEFIELD,BUSINESS,PC,A,2010,15.492
FIN,GRADRATEFIELD,BUSINESS,PC,A,2011,16.851
FIN,GRADRATEFIELD,BUSINESS,PC,A,2012,17.429
FIN,GRADRATEFIELD,BUSINESS,PC,A,2013,17.565
FIN,GRADRATEFIELD,BUSINESS,PC,A,2014,17.911
FIN,GRADRATEFIELD,BUSINESS,PC,A,2015,18.007
FIN,GRADRATEFIELD,BUSINESS,PC,A,2016,18.268
FIN,GRADRATEFIELD,BUSINESS,PC,A,2017,18.89
FIN,GRADRATEFIELD,BUSINESS,PC,A,2018,18.85
FIN,GRADRATEFIELD,BUSINESS,PC,A,2019,18.786
FIN,GRADRATEFIELD,BUSINESS,PC,A,2020,19.864
FIN,GRADRATEFIELD,ENGINEERING,PC,A,2005,16.026
FIN,GRADRATEFIELD,ENGINEERING,PC,A,2010,19.313
FIN,GRADRATEFIELD,ENGINEERING,PC,A,2011,16.323
FIN,GRADRATEFIELD,ENGINEERING,PC,A,2012,16.956
FIN,GRADRATEFIELD,ENGINEERING,PC,A,2013,17.072
FIN,GRADRATEFIELD,ENGINEERING,PC,A,2014,17.17
FIN,GRADRATEFIELD,ENGINEERING,PC,A,2015,16.953
FIN,GRADRATEFIELD,ENGINEERING,PC,A,2016,17.699
FIN,GRADRATEFIELD,ENGINEERING,PC,A,2017,16.163
FIN,GRADRATEFIELD,ENGINEERING,PC,A,2018,16.475
FIN,GRADRATEFIELD,ENGINEERING,PC,A,2019,16.562
FIN,GRADRATEFIELD,ENGINEERING,PC,A,2020,15.207
FIN,GRADRATEFIELD,SOC_SCI,PC,A,2005,5.701
FIN,GRADRATEFIELD,SOC_SCI,PC,A,2010,6.502
FIN,GRADRATEFIELD,SOC_SCI,PC,A,2011,7.259
FIN,GRADRATEFIELD,SOC_SCI,PC,A,2012,7.282
FIN,GRADRATEFIELD,SOC_SCI,PC,A,2013,6.928
FIN,GRADRATEFIELD,SOC_SCI,PC,A,2014,7.246
FIN,GRADRATEFIELD,SOC_SCI,PC,A,2015,7.281
FIN,GRADRATEFIELD,SOC_SCI,PC,A,2016,7.209
FIN,GRADRATEFIELD,SOC_SCI,PC,A,2017,7.425
FIN,GRADRATEFIELD,SOC_SCI,PC,A,2018,7.121
FIN,GRADRATEFIELD,SOC_SCI,PC,A,2019,7.011
FIN,GRADRATEFIELD,SOC_SCI,PC,A,2020,7.341
FRA,GRADRATEFIELD,EDU,PC,A,2005,2.172
FRA,GRADRATEFIELD,EDU,PC,A,2010,1.119
FRA,GRADRATEFIELD,EDU,PC,A,2011,3.496
FRA,GRADRATEFIELD,EDU,PC,A,2012,2.914
FRA,GRADRATEFIELD,EDU,PC,A,2013,2.729
FRA,GRADRATEFIELD,EDU,PC,A,2014,2.634
FRA,GRADRATEFIELD,EDU,PC,A,2015,3.36
FRA,GRADRATEFIELD,EDU,PC,A,2016,3.988
FRA,GRADRATEFIELD,EDU,PC,A,2017,4.192
FRA,GRADRATEFIELD,EDU,PC,A,2018,4.127
FRA,GRADRATEFIELD,EDU,PC,A,2019,4.113
FRA,GRADRATEFIELD,EDU,PC,A,2020,4.051
FRA,GRADRATEFIELD,HEALTH,PC,A,2005,14.005
FRA,GRADRATEFIELD,HEALTH,PC,A,2010,14.724
FRA,GRADRATEFIELD,HEALTH,PC,A,2011,15.251
FRA,GRADRATEFIELD,HEALTH,PC,A,2012,15.842
FRA,GRADRATEFIELD,HEALTH,PC,A,2013,15.79
FRA,GRADRATEFIELD,HEALTH,PC,A,2014,15.933
FRA,GRADRATEFIELD,HEALTH,PC,A,2015,15.807
FRA,GRADRATEFIELD,HEALTH,PC,A,2016,15.435
FRA,GRADRATEFIELD,HEALTH,PC,A,2017,14.259
FRA,GRADRATEFIELD,HEALTH,PC,A,2018,14.561
FRA,GRADRATEFIELD,HEALTH,PC,A,2019,14.139
FRA,GRADRATEFIELD,HEALTH,PC,A,2020,13.093
FRA,GRADRATEFIELD,ARTS,PC,A,2005,11.095
FRA,GRADRATEFIELD,ARTS,PC,A,2010,9.788
FRA,GRADRATEFIELD,ARTS,PC,A,2011,9.556
FRA,GRADRATEFIELD,ARTS,PC,A,2012,9.378
FRA,GRADRATEFIELD,ARTS,PC,A,2013,9.491
FRA,GRADRATEFIELD,ARTS,PC,A,2014,9.447
FRA,GRADRATEFIELD,ARTS,PC,A,2015,9.239
FRA,GRADRATEFIELD,ARTS,PC,A,2016,9.36
FRA,GRADRATEFIELD,ARTS,PC,A,2017,9.393
FRA,GRADRATEFIELD,ARTS,PC,A,2018,8.63
FRA,GRADRATEFIELD,ARTS,PC,A,2019,8.544
FRA,GRADRATEFIELD,ARTS,PC,A,2020,8.305
FRA,GRADRATEFIELD,BUSINESS,PC,A,2005,32.629
FRA,GRADRATEFIELD,BUSINESS,PC,A,2010,35.02
FRA,GRADRATEFIELD,BUSINESS,PC,A,2011,33.716
FRA,GRADRATEFIELD,BUSINESS,PC,A,2012,33.486
FRA,GRADRATEFIELD,BUSINESS,PC,A,2013,34.728
FRA,GRADRATEFIELD,BUSINESS,PC,A,2014,33.963
FRA,GRADRATEFIELD,BUSINESS,PC,A,2015,33.842
FRA,GRADRATEFIELD,BUSINESS,PC,A,2016,33.266
FRA,GRADRATEFIELD,BUSINESS,PC,A,2017,34.65
FRA,GRADRATEFIELD,BUSINESS,PC,A,2018,34.323
FRA,GRADRATEFIELD,BUSINESS,PC,A,2019,34.545
FRA,GRADRATEFIELD,BUSINESS,PC,A,2020,35.402
FRA,GRADRATEFIELD,ENGINEERING,PC,A,2005,15.21
FRA,GRADRATEFIELD,ENGINEERING,PC,A,2010,15.739
FRA,GRADRATEFIELD,ENGINEERING,PC,A,2011,16.192
FRA,GRADRATEFIELD,ENGINEERING,PC,A,2012,16.271
FRA,GRADRATEFIELD,ENGINEERING,PC,A,2013,16.083
FRA,GRADRATEFIELD,ENGINEERING,PC,A,2014,16.482
FRA,GRADRATEFIELD,ENGINEERING,PC,A,2015,14.844
FRA,GRADRATEFIELD,ENGINEERING,PC,A,2016,14.901
FRA,GRADRATEFIELD,ENGINEERING,PC,A,2017,14.861
FRA,GRADRATEFIELD,ENGINEERING,PC,A,2018,13.964
FRA,GRADRATEFIELD,ENGINEERING,PC,A,2019,14.035
FRA,GRADRATEFIELD,ENGINEERING,PC,A,2020,14.116
FRA,GRADRATEFIELD,SOC_SCI,PC,A,2005,8.092
FRA,GRADRATEFIELD,SOC_SCI,PC,A,2010,7.635
FRA,GRADRATEFIELD,SOC_SCI,PC,A,2011,7.979
FRA,GRADRATEFIELD,SOC_SCI,PC,A,2012,8.314
FRA,GRADRATEFIELD,SOC_SCI,PC,A,2013,8.183
FRA,GRADRATEFIELD,SOC_SCI,PC,A,2014,7.933
FRA,GRADRATEFIELD,SOC_SCI,PC,A,2015,7.575
FRA,GRADRATEFIELD,SOC_SCI,PC,A,2016,7.555
FRA,GRADRATEFIELD,SOC_SCI,PC,A,2017,6.854
FRA,GRADRATEFIELD,SOC_SCI,PC,A,2018,7.394
FRA,GRADRATEFIELD,SOC_SCI,PC,A,2019,7.493
FRA,GRADRATEFIELD,SOC_SCI,PC,A,2020,7.553
DEU,GRADRATEFIELD,EDU,PC,A,2005,10.317
DEU,GRADRATEFIELD,EDU,PC,A,2013,9.368
DEU,GRADRATEFIELD,EDU,PC,A,2014,9.671
DEU,GRADRATEFIELD,EDU,PC,A,2015,9.621
DEU,GRADRATEFIELD,EDU,PC,A,2016,9.915
DEU,GRADRATEFIELD,EDU,PC,A,2017,11.463
DEU,GRADRATEFIELD,EDU,PC,A,2018,11.245
DEU,GRADRATEFIELD,EDU,PC,A,2019,9.699
DEU,GRADRATEFIELD,EDU,PC,A,2020,9.543
DEU,GRADRATEFIELD,HEALTH,PC,A,2005,10.207
DEU,GRADRATEFIELD,HEALTH,PC,A,2013,7.846
DEU,GRADRATEFIELD,HEALTH,PC,A,2014,7.379
DEU,GRADRATEFIELD,HEALTH,PC,A,2015,7.178
DEU,GRADRATEFIELD,HEALTH,PC,A,2016,7.341
DEU,GRADRATEFIELD,HEALTH,PC,A,2017,7.254
DEU,GRADRATEFIELD,HEALTH,PC,A,2018,7.439
DEU,GRADRATEFIELD,HEALTH,PC,A,2019,7.117
DEU,GRADRATEFIELD,HEALTH,PC,A,2020,7.413
DEU,GRADRATEFIELD,ARTS,PC,A,2005,13.0
DEU,GRADRATEFIELD,ARTS,PC,A,2013,13.157
DEU,GRADRATEFIELD,ARTS,PC,A,2014,12.913
DEU,GRADRATEFIELD,ARTS,PC,A,2015,12.183
DEU,GRADRATEFIELD,ARTS,PC,A,2016,11.736
DEU,GRADRATEFIELD,ARTS,PC,A,2017,11.331
DEU,GRADRATEFIELD,ARTS,PC,A,2018,11.404
DEU,GRADRATEFIELD,ARTS,PC,A,2019,10.039
DEU,GRADRATEFIELD,ARTS,PC,A,2020,9.493
DEU,GRADRATEFIELD,BUSINESS,PC,A,2005,22.911
DEU,GRADRATEFIELD,BUSINESS,PC,A,2013,22.238
DEU,GRADRATEFIELD,BUSINESS,PC,A,2014,22.384
DEU,GRADRATEFIELD,BUSINESS,PC,A,2015,22.839
DEU,GRADRATEFIELD,BUSINESS,PC,A,2016,23.404
DEU,GRADRATEFIELD,BUSINESS,PC,A,2017,22.617
DEU,GRADRATEFIELD,BUSINESS,PC,A,2018,22.72
DEU,GRADRATEFIELD,BUSINESS,PC,A,2019,24.541
DEU,GRADRATEFIELD,BUSINESS,PC,A,2020,25.564
DEU,GRADRATEFIELD,ENGINEERING,PC,A,2005,18.712
DEU,GRADRATEFIELD,ENGINEERING,PC,A,2013,21.168
DEU,GRADRATEFIELD,ENGINEERING,PC,A,2014,21.414
DEU,GRADRATEFIELD,ENGINEERING,PC,A,2015,22.375
DEU,GRADRATEFIELD,ENGINEERING,PC,A,2016,22.076
DEU,GRADRATEFIELD,ENGINEERING,PC,A,2017,21.672
DEU,GRADRATEFIELD,ENGINEERING,PC,A,2018,21.432
DEU,GRADRATEFIELD,ENGINEERING,PC,A,2019,24.226
DEU,GRADRATEFIELD,ENGINEERING,PC,A,2020,23.194
DEU,GRADRATEFIELD,SOC_SCI,PC,A,2005,5.527
DEU,GRADRATEFIELD,SOC_SCI,PC,A,2013,6.792
DEU,GRADRATEFIELD,SOC_SCI,PC,A,2014,6.929
DEU,GRADRATEFIELD,SOC_SCI,PC,A,2015,6.874
DEU,GRADRATEFIELD,SOC_SCI,PC,A,2016,7.082
DEU,GRADRATEFIELD,SOC_SCI,PC,A,2017,7.443
DEU,GRADRATEFIELD,SOC_SCI,PC,A,2018,7.525
DEU,GRADRATEFIELD,SOC_SCI,PC,A,2019,6.883
DEU,GRADRATEFIELD,SOC_SCI,PC,A,2020,6.967
GRC,GRADRATEFIELD,EDU,PC,A,2013,10.361
GRC,GRADRATEFIELD,EDU,PC,A,2014,7.128
GRC,GRADRATEFIELD,EDU,PC,A,2015,7.128
GRC,GRADRATEFIELD,EDU,PC,A,2016,7.4
GRC,GRADRATEFIELD,EDU,PC,A,2017,7.297
GRC,GRADRATEFIELD,EDU,PC,A,2018,7.933
GRC,GRADRATEFIELD,EDU,PC,A,2019,8.563
GRC,GRADRATEFIELD,EDU,PC,A,2020,7.106
GRC,GRADRATEFIELD,HEALTH,PC,A,2013,8.485
GRC,GRADRATEFIELD,HEALTH,PC,A,2014,11.843
GRC,GRADRATEFIELD,HEALTH,PC,A,2015,11.843
GRC,GRADRATEFIELD,HEALTH,PC,A,2016,12.182
GRC,GRADRATEFIELD,HEALTH,PC,A,2017,11.737
GRC,GRADRATEFIELD,HEALTH,PC,A,2018,11.145
GRC,GRADRATEFIELD,HEALTH,PC,A,2019,11.483
GRC,GRADRATEFIELD,HEALTH,PC,A,2020,11.917
GRC,GRADRATEFIELD,ARTS,PC,A,2013,11.607
GRC,GRADRATEFIELD,ARTS,PC,A,2014,13.802
GRC,GRADRATEFIELD,ARTS,PC,A,2015,13.802
GRC,GRADRATEFIELD,ARTS,PC,A,2016,12.949
GRC,GRADRATEFIELD,ARTS,PC,A,2017,12.163
GRC,GRADRATEFIELD,ARTS,PC,A,2018,11.202
GRC,GRADRATEFIELD,ARTS,PC,A,2019,11.776
GRC,GRADRATEFIELD,ARTS,PC,A,2020,10.654
GRC,GRADRATEFIELD,BUSINESS,PC,A,2013,18.057
GRC,GRADRATEFIELD,BUSINESS,PC,A,2014,20.308
GRC,GRADRATEFIELD,BUSINESS,PC,A,2015,20.308
GRC,GRADRATEFIELD,BUSINESS,PC,A,2016,21.226
GRC,GRADRATEFIELD,BUSINESS,PC,A,2017,20.251
GRC,GRADRATEFIELD,BUSINESS,PC,A,2018,21.854
GRC,GRADRATEFIELD,BUSINESS,PC,A,2019,19.752
GRC,GRADRATEFIELD,BUSINESS,PC,A,2020,20.889
GRC,GRADRATEFIELD,ENGINEERING,PC,A,2013,18.875
GRC,GRADRATEFIELD,ENGINEERING,PC,A,2014,18.109
GRC,GRADRATEFIELD,ENGINEERING,PC,A,2015,18.109
GRC,GRADRATEFIELD,ENGINEERING,PC,A,2016,16.565
GRC,GRADRATEFIELD,ENGINEERING,PC,A,2017,16.915
GRC,GRADRATEFIELD,ENGINEERING,PC,A,2018,16.091
GRC,GRADRATEFIELD,ENGINEERING,PC,A,2019,15.064
GRC,GRADRATEFIELD,ENGINEERING,PC,A,2020,14.523
GRC,GRADRATEFIELD,SOC_SCI,PC,A,2013,12.942
GRC,GRADRATEFIELD,SOC_SCI,PC,A,2014,10.618
GRC,GRADRATEFIELD,SOC_SCI,PC,A,2015,10.618
GRC,GRADRATEFIELD,SOC_SCI,PC,A,2016,12.217
GRC,GRADRATEFIELD,SOC_SCI,PC,A,2017,13.415
GRC,GRADRATEFIELD,SOC_SCI,PC,A,2018,13.914
GRC,GRADRATEFIELD,SOC_SCI,PC,A,2019,14.854
GRC,GRADRATEFIELD,SOC_SCI,PC,A,2020,15.829
HUN,GRADRATEFIELD,EDU,PC,A,2005,18.051
HUN,GRADRATEFIELD,EDU,PC,A,2010,11.153
HUN,GRADRATEFIELD,EDU,PC,A,2011,10.755
HUN,GRADRATEFIELD,EDU,PC,A,2012,11.249
HUN,GRADRATEFIELD,EDU,PC,A,2013,13.515
HUN,GRADRATEFIELD,EDU,PC,A,2014,13.544
HUN,GRADRATEFIELD,EDU,PC,A,2015,16.449
HUN,GRADRATEFIELD,EDU,PC,A,2016,16.859
HUN,GRADRATEFIELD,EDU,PC,A,2017,16.116
HUN,GRADRATEFIELD,EDU,PC,A,2018,14.332
HUN,GRADRATEFIELD,EDU,PC,A,2019,14.644
HUN,GRADRATEFIELD,HEALTH,PC,A,2005,7.585
HUN,GRADRATEFIELD,HEALTH,PC,A,2010,8.767
HUN,GRADRATEFIELD,HEALTH,PC,A,2011,8.184
HUN,GRADRATEFIELD,HEALTH,PC,A,2012,8.483
HUN,GRADRATEFIELD,HEALTH,PC,A,2013,7.554
HUN,GRADRATEFIELD,HEALTH,PC,A,2014,8.394
HUN,GRADRATEFIELD,HEALTH,PC,A,2015,8.035
HUN,GRADRATEFIELD,HEALTH,PC,A,2016,8.458
HUN,GRADRATEFIELD,HEALTH,PC,A,2017,7.914
HUN,GRADRATEFIELD,HEALTH,PC,A,2018,8.714
HUN,GRADRATEFIELD,HEALTH,PC,A,2019,8.47
HUN,GRADRATEFIELD,ARTS,PC,A,2005,7.197
HUN,GRADRATEFIELD,ARTS,PC,A,2010,12.938
HUN,GRADRATEFIELD,ARTS,PC,A,2011,12.862
HUN,GRADRATEFIELD,ARTS,PC,A,2012,11.121
HUN,GRADRATEFIELD,ARTS,PC,A,2013,8.99
HUN,GRADRATEFIELD,ARTS,PC,A,2014,9.271
HUN,GRADRATEFIELD,ARTS,PC,A,2015,9.638
HUN,GRADRATEFIELD,ARTS,PC,A,2016,9.83
HUN,GRADRATEFIELD,ARTS,PC,A,2017,8.866
HUN,GRADRATEFIELD,ARTS,PC,A,2018,9.142
HUN,GRADRATEFIELD,ARTS,PC,A,2019,8.962
HUN,GRADRATEFIELD,BUSINESS,PC,A,2005,35.334
HUN,GRADRATEFIELD,BUSINESS,PC,A,2010,30.061
HUN,GRADRATEFIELD,BUSINESS,PC,A,2011,30.641
HUN,GRADRATEFIELD,BUSINESS,PC,A,2012,31.027
HUN,GRADRATEFIELD,BUSINESS,PC,A,2013,32.968
HUN,GRADRATEFIELD,BUSINESS,PC,A,2014,29.091
HUN,GRADRATEFIELD,BUSINESS,PC,A,2015,25.266
HUN,GRADRATEFIELD,BUSINESS,PC,A,2016,23.715
HUN,GRADRATEFIELD,BUSINESS,PC,A,2017,24.651
HUN,GRADRATEFIELD,BUSINESS,PC,A,2018,25.743
HUN,GRADRATEFIELD,BUSINESS,PC,A,2019,25.492
HUN,GRADRATEFIELD,ENGINEERING,PC,A,2005,7.791
HUN,GRADRATEFIELD,ENGINEERING,PC,A,2010,10.862
HUN,GRADRATEFIELD,ENGINEERING,PC,A,2011,11.342
HUN,GRADRATEFIELD,ENGINEERING,PC,A,2012,12.156
HUN,GRADRATEFIELD,ENGINEERING,PC,A,2013,12.252
HUN,GRADRATEFIELD,ENGINEERING,PC,A,2014,13.934
HUN,GRADRATEFIELD,ENGINEERING,PC,A,2015,15.777
HUN,GRADRATEFIELD,ENGINEERING,PC,A,2016,14.465
HUN,GRADRATEFIELD,ENGINEERING,PC,A,2017,14.658
HUN,GRADRATEFIELD,ENGINEERING,PC,A,2018,14.224
HUN,GRADRATEFIELD,ENGINEERING,PC,A,2019,14.814
HUN,GRADRATEFIELD,SOC_SCI,PC,A,2005,9.0
HUN,GRADRATEFIELD,SOC_SCI,PC,A,2010,10.243
HUN,GRADRATEFIELD,SOC_SCI,PC,A,2011,9.911
HUN,GRADRATEFIELD,SOC_SCI,PC,A,2012,9.781
HUN,GRADRATEFIELD,SOC_SCI,PC,A,2013,9.647
HUN,GRADRATEFIELD,SOC_SCI,PC,A,2014,9.81
HUN,GRADRATEFIELD,SOC_SCI,PC,A,2015,10.401
HUN,GRADRATEFIELD,SOC_SCI,PC,A,2016,9.935
HUN,GRADRATEFIELD,SOC_SCI,PC,A,2017,10.211
HUN,GRADRATEFIELD,SOC_SCI,PC,A,2018,10.363
HUN,GRADRATEFIELD,SOC_SCI,PC,A,2019,10.328
ISL,GRADRATEFIELD,EDU,PC,A,2013,14.471
ISL,GRADRATEFIELD,EDU,PC,A,2015,14.386
ISL,GRADRATEFIELD,EDU,PC,A,2016,13.826
ISL,GRADRATEFIELD,EDU,PC,A,2017,12.087
ISL,GRADRATEFIELD,EDU,PC,A,2018,13.055
ISL,GRADRATEFIELD,EDU,PC,A,2019,13.829
ISL,GRADRATEFIELD,EDU,PC,A,2020,14.509
ISL,GRADRATEFIELD,HEALTH,PC,A,2013,14.371
ISL,GRADRATEFIELD,HEALTH,PC,A,2015,14.159
ISL,GRADRATEFIELD,HEALTH,PC,A,2016,14.68
ISL,GRADRATEFIELD,HEALTH,PC,A,2017,16.503
ISL,GRADRATEFIELD,HEALTH,PC,A,2018,16.632
ISL,GRADRATEFIELD,HEALTH,PC,A,2019,15.246
ISL,GRADRATEFIELD,HEALTH,PC,A,2020,16.384
ISL,GRADRATEFIELD,ARTS,PC,A,2013,12.55
ISL,GRADRATEFIELD,ARTS,PC,A,2015,11.527
ISL,GRADRATEFIELD,ARTS,PC,A,2016,9.597
ISL,GRADRATEFIELD,ARTS,PC,A,2017,10.393
ISL,GRADRATEFIELD,ARTS,PC,A,2018,9.866
ISL,GRADRATEFIELD,ARTS,PC,A,2019,9.577
ISL,GRADRATEFIELD,ARTS,PC,A,2020,9.68
ISL,GRADRATEFIELD,BUSINESS,PC,A,2013,23.578
ISL,GRADRATEFIELD,BUSINESS,PC,A,2015,22.737
ISL,GRADRATEFIELD,BUSINESS,PC,A,2016,22.458
ISL,GRADRATEFIELD,BUSINESS,PC,A,2017,21.766
ISL,GRADRATEFIELD,BUSINESS,PC,A,2018,21.827
ISL,GRADRATEFIELD,BUSINESS,PC,A,2019,20.411
ISL,GRADRATEFIELD,BUSINESS,PC,A,2020,20.838
ISL,GRADRATEFIELD,ENGINEERING,PC,A,2013,8.907
ISL,GRADRATEFIELD,ENGINEERING,PC,A,2015,9.326
ISL,GRADRATEFIELD,ENGINEERING,PC,A,2016,9.531
ISL,GRADRATEFIELD,ENGINEERING,PC,A,2017,8.921
ISL,GRADRATEFIELD,ENGINEERING,PC,A,2018,8.567
ISL,GRADRATEFIELD,ENGINEERING,PC,A,2019,9.417
ISL,GRADRATEFIELD,ENGINEERING,PC,A,2020,8.004
ISL,GRADRATEFIELD,SOC_SCI,PC,A,2013,14.995
ISL,GRADRATEFIELD,SOC_SCI,PC,A,2015,15.68
ISL,GRADRATEFIELD,SOC_SCI,PC,A,2016,16.104
ISL,GRADRATEFIELD,SOC_SCI,PC,A,2017,15.856
ISL,GRADRATEFIELD,SOC_SCI,PC,A,2018,15.516
ISL,GRADRATEFIELD,SOC_SCI,PC,A,2019,16.32
ISL,GRADRATEFIELD,SOC_SCI,PC,A,2020,15.656
IRL,GRADRATEFIELD,EDU,PC,A,2014,7.305
IRL,GRADRATEFIELD,EDU,PC,A,2015,7.925
IRL,GRADRATEFIELD,EDU,PC,A,2016,5.684
IRL,GRADRATEFIELD,EDU,PC,A,2017,9.463
IRL,GRADRATEFIELD,EDU,PC,A,2018,8.59
IRL,GRADRATEFIELD,EDU,PC,A,2019,9.101
IRL,GRADRATEFIELD,EDU,PC,A,2020,8.921
IRL,GRADRATEFIELD,HEALTH,PC,A,2014,16.718
IRL,GRADRATEFIELD,HEALTH,PC,A,2015,16.522
IRL,GRADRATEFIELD,HEALTH,PC,A,2016,17.105
IRL,GRADRATEFIELD,HEALTH,PC,A,2017,16.828
IRL,GRADRATEFIELD,HEALTH,PC,A,2018,16.757
IRL,GRADRATEFIELD,HEALTH,PC,A,2019,16.527
IRL,GRADRATEFIELD,HEALTH,PC,A,2020,15.676
IRL,GRADRATEFIELD,ARTS,PC,A,2014,12.752
IRL,GRADRATEFIELD,ARTS,PC,A,2015,13.295
IRL,GRADRATEFIELD,ARTS,PC,A,2016,13.776
IRL,GRADRATEFIELD,ARTS,PC,A,2017,12.067
IRL,GRADRATEFIELD,ARTS,PC,A,2018,11.635
IRL,GRADRATEFIELD,ARTS,PC,A,2019,11.002
IRL,GRADRATEFIELD,ARTS,PC,A,2020,10.212
IRL,GRADRATEFIELD,BUSINESS,PC,A,2014,25.289
IRL,GRADRATEFIELD,BUSINESS,PC,A,2015,24.002
IRL,GRADRATEFIELD,BUSINESS,PC,A,2016,24.975
IRL,GRADRATEFIELD,BUSINESS,PC,A,2017,24.854
IRL,GRADRATEFIELD,BUSINESS,PC,A,2018,26.727
IRL,GRADRATEFIELD,BUSINESS,PC,A,2019,25.849
IRL,GRADRATEFIELD,BUSINESS,PC,A,2020,26.59
IRL,GRADRATEFIELD,ENGINEERING,PC,A,2014,11.371
IRL,GRADRATEFIELD,ENGINEERING,PC,A,2015,10.219
IRL,GRADRATEFIELD,ENGINEERING,PC,A,2016,10.278
IRL,GRADRATEFIELD,ENGINEERING,PC,A,2017,9.254
IRL,GRADRATEFIELD,ENGINEERING,PC,A,2018,8.594
IRL,GRADRATEFIELD,ENGINEERING,PC,A,2019,9.665
IRL,GRADRATEFIELD,ENGINEERING,PC,A,2020,10.071
IRL,GRADRATEFIELD,SOC_SCI,PC,A,2014,6.913
IRL,GRADRATEFIELD,SOC_SCI,PC,A,2015,6.839
IRL,GRADRATEFIELD,SOC_SCI,PC,A,2016,6.288
IRL,GRADRATEFIELD,SOC_SCI,PC,A,2017,6.0
IRL,GRADRATEFIELD,SOC_SCI,PC,A,2018,5.849
IRL,GRADRATEFIELD,SOC_SCI,PC,A,2019,6.243
IRL,GRADRATEFIELD,SOC_SCI,PC,A,2020,6.123
ITA,GRADRATEFIELD,EDU,PC,A,2016,3.641
ITA,GRADRATEFIELD,EDU,PC,A,2017,4.463
ITA,GRADRATEFIELD,EDU,PC,A,2018,6.976
ITA,GRADRATEFIELD,EDU,PC,A,2019,6.957
ITA,GRADRATEFIELD,EDU,PC,A,2020,12.617
ITA,GRADRATEFIELD,HEALTH,PC,A,2016,15.161
ITA,GRADRATEFIELD,HEALTH,PC,A,2017,14.651
ITA,GRADRATEFIELD,HEALTH,PC,A,2018,14.562
ITA,GRADRATEFIELD,HEALTH,PC,A,2019,13.721
ITA,GRADRATEFIELD,HEALTH,PC,A,2020,12.304
ITA,GRADRATEFIELD,ARTS,PC,A,2016,17.696
ITA,GRADRATEFIELD,ARTS,PC,A,2017,17.915
ITA,GRADRATEFIELD,ARTS,PC,A,2018,16.903
ITA,GRADRATEFIELD,ARTS,PC,A,2019,16.964
ITA,GRADRATEFIELD,ARTS,PC,A,2020,15.866
ITA,GRADRATEFIELD,BUSINESS,PC,A,2016,21.349
ITA,GRADRATEFIELD,BUSINESS,PC,A,2017,21.142
ITA,GRADRATEFIELD,BUSINESS,PC,A,2018,17.734
ITA,GRADRATEFIELD,BUSINESS,PC,A,2019,17.831
ITA,GRADRATEFIELD,BUSINESS,PC,A,2020,17.26
ITA,GRADRATEFIELD,ENGINEERING,PC,A,2016,16.397
ITA,GRADRATEFIELD,ENGINEERING,PC,A,2017,16.553
ITA,GRADRATEFIELD,ENGINEERING,PC,A,2018,15.437
ITA,GRADRATEFIELD,ENGINEERING,PC,A,2019,15.331
ITA,GRADRATEFIELD,ENGINEERING,PC,A,2020,13.866
ITA,GRADRATEFIELD,SOC_SCI,PC,A,2016,13.715
ITA,GRADRATEFIELD,SOC_SCI,PC,A,2017,13.289
ITA,GRADRATEFIELD,SOC_SCI,PC,A,2018,14.32
ITA,GRADRATEFIELD,SOC_SCI,PC,A,2019,14.489
ITA,GRADRATEFIELD,SOC_SCI,PC,A,2020,13.944
JPN,GRADRATEFIELD,EDU,PC,A,2014,8.237
JPN,GRADRATEFIELD,EDU,PC,A,2015,9.416
JPN,GRADRATEFIELD,EDU,PC,A,2016,9.62
JPN,GRADRATEFIELD,EDU,PC,A,2017,9.036
JPN,GRADRATEFIELD,EDU,PC,A,2018,8.957
JPN,GRADRATEFIELD,EDU,PC,A,2019,8.827
JPN,GRADRATEFIELD,HEALTH,PC,A,2014,14.865
JPN,GRADRATEFIELD,HEALTH,PC,A,2015,15.373
JPN,GRADRATEFIELD,HEALTH,PC,A,2016,15.681
JPN,GRADRATEFIELD,HEALTH,PC,A,2017,15.74
JPN,GRADRATEFIELD,HEALTH,PC,A,2018,15.944
JPN,GRADRATEFIELD,HEALTH,PC,A,2019,15.839
JPN,GRADRATEFIELD,ARTS,PC,A,2014,15.644
JPN,GRADRATEFIELD,ARTS,PC,A,2015,15.135
JPN,GRADRATEFIELD,ARTS,PC,A,2016,15.005
JPN,GRADRATEFIELD,ARTS,PC,A,2017,15.111
JPN,GRADRATEFIELD,ARTS,PC,A,2018,15.052
JPN,GRADRATEFIELD,ARTS,PC,A,2019,15.022
JPN,GRADRATEFIELD,BUSINESS,PC,A,2014,20.831
JPN,GRADRATEFIELD,BUSINESS,PC,A,2015,19.875
JPN,GRADRATEFIELD,BUSINESS,PC,A,2016,19.748
JPN,GRADRATEFIELD,BUSINESS,PC,A,2017,20.018
JPN,GRADRATEFIELD,BUSINESS,PC,A,2018,19.91
JPN,GRADRATEFIELD,BUSINESS,PC,A,2019,20.251
JPN,GRADRATEFIELD,ENGINEERING,PC,A,2014,18.33
JPN,GRADRATEFIELD,ENGINEERING,PC,A,2015,17.679
JPN,GRADRATEFIELD,ENGINEERING,PC,A,2016,17.775
JPN,GRADRATEFIELD,ENGINEERING,PC,A,2017,18.251
JPN,GRADRATEFIELD,ENGINEERING,PC,A,2018,18.445
JPN,GRADRATEFIELD,ENGINEERING,PC,A,2019,18.515
JPN,GRADRATEFIELD,SOC_SCI,PC,A,2014,7.444
JPN,GRADRATEFIELD,SOC_SCI,PC,A,2015,8.417
JPN,GRADRATEFIELD,SOC_SCI,PC,A,2016,8.18
JPN,GRADRATEFIELD,SOC_SCI,PC,A,2017,7.193
JPN,GRADRATEFIELD,SOC_SCI,PC,A,2018,7.193
JPN,GRADRATEFIELD,SOC_SCI,PC,A,2019,7.182
KOR,GRADRATEFIELD,EDU,PC,A,2005,7.955
KOR,GRADRATEFIELD,EDU,PC,A,2010,8.465
KOR,GRADRATEFIELD,EDU,PC,A,2011,8.039
KOR,GRADRATEFIELD,EDU,PC,A,2012,7.623
KOR,GRADRATEFIELD,EDU,PC,A,2013,7.517
KOR,GRADRATEFIELD,EDU,PC,A,2014,7.34
KOR,GRADRATEFIELD,EDU,PC,A,2015,7.074
KOR,GRADRATEFIELD,EDU,PC,A,2016,6.977
KOR,GRADRATEFIELD,EDU,PC,A,2017,7.238
KOR,GRADRATEFIELD,EDU,PC,A,2018,7.407
KOR,GRADRATEFIELD,EDU,PC,A,2019,7.364
KOR,GRADRATEFIELD,EDU,PC,A,2020,7.147
KOR,GRADRATEFIELD,HEALTH,PC,A,2005,10.397
KOR,GRADRATEFIELD,HEALTH,PC,A,2010,14.708
KOR,GRADRATEFIELD,HEALTH,PC,A,2011,14.156
KOR,GRADRATEFIELD,HEALTH,PC,A,2012,14.418
KOR,GRADRATEFIELD,HEALTH,PC,A,2013,15.459
KOR,GRADRATEFIELD,HEALTH,PC,A,2014,15.771
KOR,GRADRATEFIELD,HEALTH,PC,A,2015,15.391
KOR,GRADRATEFIELD,HEALTH,PC,A,2016,15.415
KOR,GRADRATEFIELD,HEALTH,PC,A,2017,15.497
KOR,GRADRATEFIELD,HEALTH,PC,A,2018,15.8
KOR,GRADRATEFIELD,HEALTH,PC,A,2019,15.989
KOR,GRADRATEFIELD,HEALTH,PC,A,2020,15.998
KOR,GRADRATEFIELD,ARTS,PC,A,2005,18.222
KOR,GRADRATEFIELD,ARTS,PC,A,2010,17.293
KOR,GRADRATEFIELD,ARTS,PC,A,2011,16.984
KOR,GRADRATEFIELD,ARTS,PC,A,2012,16.937
KOR,GRADRATEFIELD,ARTS,PC,A,2013,16.505
KOR,GRADRATEFIELD,ARTS,PC,A,2014,16.41
KOR,GRADRATEFIELD,ARTS,PC,A,2015,16.54
KOR,GRADRATEFIELD,ARTS,PC,A,2016,16.3
KOR,GRADRATEFIELD,ARTS,PC,A,2017,15.977
KOR,GRADRATEFIELD,ARTS,PC,A,2018,15.736
KOR,GRADRATEFIELD,ARTS,PC,A,2019,15.651
KOR,GRADRATEFIELD,ARTS,PC,A,2020,15.459
KOR,GRADRATEFIELD,BUSINESS,PC,A,2005,14.761
KOR,GRADRATEFIELD,BUSINESS,PC,A,2010,15.509
KOR,GRADRATEFIELD,BUSINESS,PC,A,2011,15.529
KOR,GRADRATEFIELD,BUSINESS,PC,A,2012,16.064
KOR,GRADRATEFIELD,BUSINESS,PC,A,2013,15.737
KOR,GRADRATEFIELD,BUSINESS,PC,A,2014,15.526
KOR,GRADRATEFIELD,BUSINESS,PC,A,2015,15.42
KOR,GRADRATEFIELD,BUSINESS,PC,A,2016,15.241
KOR,GRADRATEFIELD,BUSINESS,PC,A,2017,15.077
KOR,GRADRATEFIELD,BUSINESS,PC,A,2018,14.841
KOR,GRADRATEFIELD,BUSINESS,PC,A,2019,14.502
KOR,GRADRATEFIELD,BUSINESS,PC,A,2020,14.36
KOR,GRADRATEFIELD,ENGINEERING,PC,A,2005,27.477
KOR,GRADRATEFIELD,ENGINEERING,PC,A,2010,21.263
KOR,GRADRATEFIELD,ENGINEERING,PC,A,2011,22.299
KOR,GRADRATEFIELD,ENGINEERING,PC,A,2012,21.907
KOR,GRADRATEFIELD,ENGINEERING,PC,A,2013,19.52
KOR,GRADRATEFIELD,ENGINEERING,PC,A,2014,19.507
KOR,GRADRATEFIELD,ENGINEERING,PC,A,2015,19.746
KOR,GRADRATEFIELD,ENGINEERING,PC,A,2016,20.103
KOR,GRADRATEFIELD,ENGINEERING,PC,A,2017,20.324
KOR,GRADRATEFIELD,ENGINEERING,PC,A,2018,20.295
KOR,GRADRATEFIELD,ENGINEERING,PC,A,2019,20.505
KOR,GRADRATEFIELD,ENGINEERING,PC,A,2020,21.035
KOR,GRADRATEFIELD,SOC_SCI,PC,A,2005,4.47
KOR,GRADRATEFIELD,SOC_SCI,PC,A,2010,4.94
KOR,GRADRATEFIELD,SOC_SCI,PC,A,2011,5.074
KOR,GRADRATEFIELD,SOC_SCI,PC,A,2012,5.182
KOR,GRADRATEFIELD,SOC_SCI,PC,A,2013,5.034
KOR,GRADRATEFIELD,SOC_SCI,PC,A,2014,5.064
KOR,GRADRATEFIELD,SOC_SCI,PC,A,2015,5.267
KOR,GRADRATEFIELD,SOC_SCI,PC,A,2016,5.473
KOR,GRADRATEFIELD,SOC_SCI,PC,A,2017,5.566
KOR,GRADRATEFIELD,SOC_SCI,PC,A,2018,5.446
KOR,GRADRATEFIELD,SOC_SCI,PC,A,2019,5.489
KOR,GRADRATEFIELD,SOC_SCI,PC,A,2020,5.513
LUX,GRADRATEFIELD,EDU,PC,A,2013,23.582
LUX,GRADRATEFIELD,EDU,PC,A,2014,25.948
LUX,GRADRATEFIELD,EDU,PC,A,2015,20.649
LUX,GRADRATEFIELD,EDU,PC,A,2016,8.799
LUX,GRADRATEFIELD,EDU,PC,A,2017,7.494
LUX,GRADRATEFIELD,EDU,PC,A,2018,10.097
LUX,GRADRATEFIELD,EDU,PC,A,2019,10.841
LUX,GRADRATEFIELD,EDU,PC,A,2020,13.38
LUX,GRADRATEFIELD,HEALTH,PC,A,2013,4.079
LUX,GRADRATEFIELD,HEALTH,PC,A,2014,6.121
LUX,GRADRATEFIELD,HEALTH,PC,A,2015,7.174
LUX,GRADRATEFIELD,HEALTH,PC,A,2016,6.421
LUX,GRADRATEFIELD,HEALTH,PC,A,2017,7.323
LUX,GRADRATEFIELD,HEALTH,PC,A,2018,6.788
LUX,GRADRATEFIELD,HEALTH,PC,A,2019,6.029
LUX,GRADRATEFIELD,HEALTH,PC,A,2020,7.356
LUX,GRADRATEFIELD,ARTS,PC,A,2013,8.158
LUX,GRADRATEFIELD,ARTS,PC,A,2014,7.801
LUX,GRADRATEFIELD,ARTS,PC,A,2015,8.484
LUX,GRADRATEFIELD,ARTS,PC,A,2016,11.415
LUX,GRADRATEFIELD,ARTS,PC,A,2017,9.611
LUX,GRADRATEFIELD,ARTS,PC,A,2018,9.983
LUX,GRADRATEFIELD,ARTS,PC,A,2019,10.435
LUX,GRADRATEFIELD,ARTS,PC,A,2020,10.448
LUX,GRADRATEFIELD,BUSINESS,PC,A,2013,40.153
LUX,GRADRATEFIELD,BUSINESS,PC,A,2014,39.057
LUX,GRADRATEFIELD,BUSINESS,PC,A,2015,38.677
LUX,GRADRATEFIELD,BUSINESS,PC,A,2016,40.071
LUX,GRADRATEFIELD,BUSINESS,PC,A,2017,43.822
LUX,GRADRATEFIELD,BUSINESS,PC,A,2018,42.499
LUX,GRADRATEFIELD,BUSINESS,PC,A,2019,42.203
LUX,GRADRATEFIELD,BUSINESS,PC,A,2020,37.473
LUX,GRADRATEFIELD,ENGINEERING,PC,A,2013,6.373
LUX,GRADRATEFIELD,ENGINEERING,PC,A,2014,5.58
LUX,GRADRATEFIELD,ENGINEERING,PC,A,2015,5.303
LUX,GRADRATEFIELD,ENGINEERING,PC,A,2016,6.599
LUX,GRADRATEFIELD,ENGINEERING,PC,A,2017,7.666
LUX,GRADRATEFIELD,ENGINEERING,PC,A,2018,7.188
LUX,GRADRATEFIELD,ENGINEERING,PC,A,2019,8.812
LUX,GRADRATEFIELD,ENGINEERING,PC,A,2020,7.836
LUX,GRADRATEFIELD,SOC_SCI,PC,A,2013,7.776
LUX,GRADRATEFIELD,SOC_SCI,PC,A,2014,7.151
LUX,GRADRATEFIELD,SOC_SCI,PC,A,2015,8.858
LUX,GRADRATEFIELD,SOC_SCI,PC,A,2016,11.593
LUX,GRADRATEFIELD,SOC_SCI,PC,A,2017,11.728
LUX,GRADRATEFIELD,SOC_SCI,PC,A,2018,10.724
LUX,GRADRATEFIELD,SOC_SCI,PC,A,2019,9.565
LUX,GRADRATEFIELD,SOC_SCI,PC,A,2020,11.407
MEX,GRADRATEFIELD,EDU,PC,A,2005,13.063
MEX,GRADRATEFIELD,EDU,PC,A,2010,12.458
MEX,GRADRATEFIELD,EDU,PC,A,2011,12.79
MEX,GRADRATEFIELD,EDU,PC,A,2012,12.492
MEX,GRADRATEFIELD,EDU,PC,A,2013,12.436
MEX,GRADRATEFIELD,EDU,PC,A,2014,12.484
MEX,GRADRATEFIELD,EDU,PC,A,2015,11.892
MEX,GRADRATEFIELD,EDU,PC,A,2016,13.785
MEX,GRADRATEFIELD,EDU,PC,A,2017,13.066
MEX,GRADRATEFIELD,EDU,PC,A,2018,11.231
MEX,GRADRATEFIELD,EDU,PC,A,2019,10.68
MEX,GRADRATEFIELD,EDU,PC,A,2020,10.34
MEX,GRADRATEFIELD,HEALTH,PC,A,2005,8.198
MEX,GRADRATEFIELD,HEALTH,PC,A,2010,8.896
MEX,GRADRATEFIELD,HEALTH,PC,A,2011,8.338
MEX,GRADRATEFIELD,HEALTH,PC,A,2012,9.023
MEX,GRADRATEFIELD,HEALTH,PC,A,2013,9.055
MEX,GRADRATEFIELD,HEALTH,PC,A,2014,8.901
MEX,GRADRATEFIELD,HEALTH,PC,A,2015,9.826
MEX,GRADRATEFIELD,HEALTH,PC,A,2016,9.686
MEX,GRADRATEFIELD,HEALTH,PC,A,2017,10.961
MEX,GRADRATEFIELD,HEALTH,PC,A,2018,11.47
MEX,GRADRATEFIELD,HEALTH,PC,A,2019,11.269
MEX,GRADRATEFIELD,HEALTH,PC,A,2020,12.027
MEX,GRADRATEFIELD,ARTS,PC,A,2005,3.959
MEX,GRADRATEFIELD,ARTS,PC,A,2010,4.023
MEX,GRADRATEFIELD,ARTS,PC,A,2011,4.01
MEX,GRADRATEFIELD,ARTS,PC,A,2012,4.392
MEX,GRADRATEFIELD,ARTS,PC,A,2013,4.37
MEX,GRADRATEFIELD,ARTS,PC,A,2014,4.136
MEX,GRADRATEFIELD,ARTS,PC,A,2015,4.151
MEX,GRADRATEFIELD,ARTS,PC,A,2016,3.639
MEX,GRADRATEFIELD,ARTS,PC,A,2017,3.43
MEX,GRADRATEFIELD,ARTS,PC,A,2018,3.404
MEX,GRADRATEFIELD,ARTS,PC,A,2019,3.293
MEX,GRADRATEFIELD,ARTS,PC,A,2020,3.466
MEX,GRADRATEFIELD,BUSINESS,PC,A,2005,33.788
MEX,GRADRATEFIELD,BUSINESS,PC,A,2010,36.245
MEX,GRADRATEFIELD,BUSINESS,PC,A,2011,35.767
MEX,GRADRATEFIELD,BUSINESS,PC,A,2012,34.778
MEX,GRADRATEFIELD,BUSINESS,PC,A,2013,34.692
MEX,GRADRATEFIELD,BUSINESS,PC,A,2014,34.236
MEX,GRADRATEFIELD,BUSINESS,PC,A,2015,34.152
MEX,GRADRATEFIELD,BUSINESS,PC,A,2016,35.154
MEX,GRADRATEFIELD,BUSINESS,PC,A,2017,33.206
MEX,GRADRATEFIELD,BUSINESS,PC,A,2018,33.607
MEX,GRADRATEFIELD,BUSINESS,PC,A,2019,24.294
MEX,GRADRATEFIELD,BUSINESS,PC,A,2020,24.434
MEX,GRADRATEFIELD,ENGINEERING,PC,A,2005,15.811
MEX,GRADRATEFIELD,ENGINEERING,PC,A,2010,19.439
MEX,GRADRATEFIELD,ENGINEERING,PC,A,2011,21.285
MEX,GRADRATEFIELD,ENGINEERING,PC,A,2012,21.358
MEX,GRADRATEFIELD,ENGINEERING,PC,A,2013,22.296
MEX,GRADRATEFIELD,ENGINEERING,PC,A,2014,22.965
MEX,GRADRATEFIELD,ENGINEERING,PC,A,2015,23.236
MEX,GRADRATEFIELD,ENGINEERING,PC,A,2016,21.314
MEX,GRADRATEFIELD,ENGINEERING,PC,A,2017,17.452
MEX,GRADRATEFIELD,ENGINEERING,PC,A,2018,18.301
MEX,GRADRATEFIELD,ENGINEERING,PC,A,2019,18.468
MEX,GRADRATEFIELD,ENGINEERING,PC,A,2020,18.599
MEX,GRADRATEFIELD,SOC_SCI,PC,A,2005,9.316
MEX,GRADRATEFIELD,SOC_SCI,PC,A,2010,10.734
MEX,GRADRATEFIELD,SOC_SCI,PC,A,2011,10.078
MEX,GRADRATEFIELD,SOC_SCI,PC,A,2012,9.994
MEX,GRADRATEFIELD,SOC_SCI,PC,A,2013,9.351
MEX,GRADRATEFIELD,SOC_SCI,PC,A,2014,9.225
MEX,GRADRATEFIELD,SOC_SCI,PC,A,2015,9.092
MEX,GRADRATEFIELD,SOC_SCI,PC,A,2016,9.222
MEX,GRADRATEFIELD,SOC_SCI,PC,A,2017,9.066
MEX,GRADRATEFIELD,SOC_SCI,PC,A,2018,9.057
MEX,GRADRATEFIELD,SOC_SCI,PC,A,2019,19.4
MEX,GRADRATEFIELD,SOC_SCI,PC,A,2020,18.7
NLD,GRADRATEFIELD,EDU,PC,A,2010,13.825
NLD,GRADRATEFIELD,EDU,PC,A,2011,13.682
NLD,GRADRATEFIELD,EDU,PC,A,2012,12.865
NLD,GRADRATEFIELD,EDU,PC,A,2013,11.969
NLD,GRADRATEFIELD,EDU,PC,A,2014,11.649
NLD,GRADRATEFIELD,EDU,PC,A,2015,10.688
NLD,GRADRATEFIELD,EDU,PC,A,2016,10.484
NLD,GRADRATEFIELD,EDU,PC,A,2017,10.091
NLD,GRADRATEFIELD,EDU,PC,A,2018,9.938
NLD,GRADRATEFIELD,EDU,PC,A,2019,9.069
NLD,GRADRATEFIELD,EDU,PC,A,2020,8.859
NLD,GRADRATEFIELD,HEALTH,PC,A,2010,18.16
NLD,GRADRATEFIELD,HEALTH,PC,A,2011,17.897
NLD,GRADRATEFIELD,HEALTH,PC,A,2012,17.356
NLD,GRADRATEFIELD,HEALTH,PC,A,2013,16.229
NLD,GRADRATEFIELD,HEALTH,PC,A,2014,16.032
NLD,GRADRATEFIELD,HEALTH,PC,A,2015,15.759
NLD,GRADRATEFIELD,HEALTH,PC,A,2016,15.869
NLD,GRADRATEFIELD,HEALTH,PC,A,2017,16.536
NLD,GRADRATEFIELD,HEALTH,PC,A,2018,16.531
NLD,GRADRATEFIELD,HEALTH,PC,A,2019,15.914
NLD,GRADRATEFIELD,HEALTH,PC,A,2020,14.889
NLD,GRADRATEFIELD,ARTS,PC,A,2010,9.266
NLD,GRADRATEFIELD,ARTS,PC,A,2011,9.485
NLD,GRADRATEFIELD,ARTS,PC,A,2012,9.341
NLD,GRADRATEFIELD,ARTS,PC,A,2013,9.065
NLD,GRADRATEFIELD,ARTS,PC,A,2014,8.995
NLD,GRADRATEFIELD,ARTS,PC,A,2015,9.068
NLD,GRADRATEFIELD,ARTS,PC,A,2016,8.91
NLD,GRADRATEFIELD,ARTS,PC,A,2017,8.782
NLD,GRADRATEFIELD,ARTS,PC,A,2018,8.715
NLD,GRADRATEFIELD,ARTS,PC,A,2019,8.608
NLD,GRADRATEFIELD,ARTS,PC,A,2020,8.34
NLD,GRADRATEFIELD,BUSINESS,PC,A,2010,26.428
NLD,GRADRATEFIELD,BUSINESS,PC,A,2011,27.243
NLD,GRADRATEFIELD,BUSINESS,PC,A,2012,27.608
NLD,GRADRATEFIELD,BUSINESS,PC,A,2013,27.706
NLD,GRADRATEFIELD,BUSINESS,PC,A,2014,28.003
NLD,GRADRATEFIELD,BUSINESS,PC,A,2015,28.478
NLD,GRADRATEFIELD,BUSINESS,PC,A,2016,28.576
NLD,GRADRATEFIELD,BUSINESS,PC,A,2017,28.107
NLD,GRADRATEFIELD,BUSINESS,PC,A,2018,27.812
NLD,GRADRATEFIELD,BUSINESS,PC,A,2019,27.985
NLD,GRADRATEFIELD,BUSINESS,PC,A,2020,28.469
NLD,GRADRATEFIELD,ENGINEERING,PC,A,2010,8.058
NLD,GRADRATEFIELD,ENGINEERING,PC,A,2011,8.07
NLD,GRADRATEFIELD,ENGINEERING,PC,A,2012,8.369
NLD,GRADRATEFIELD,ENGINEERING,PC,A,2013,7.848
NLD,GRADRATEFIELD,ENGINEERING,PC,A,2014,7.826
NLD,GRADRATEFIELD,ENGINEERING,PC,A,2015,7.711
NLD,GRADRATEFIELD,ENGINEERING,PC,A,2016,7.792
NLD,GRADRATEFIELD,ENGINEERING,PC,A,2017,7.967
NLD,GRADRATEFIELD,ENGINEERING,PC,A,2018,8.148
NLD,GRADRATEFIELD,ENGINEERING,PC,A,2019,8.52
NLD,GRADRATEFIELD,ENGINEERING,PC,A,2020,8.474
NLD,GRADRATEFIELD,SOC_SCI,PC,A,2010,11.955
NLD,GRADRATEFIELD,SOC_SCI,PC,A,2011,12.33
NLD,GRADRATEFIELD,SOC_SCI,PC,A,2012,13.029
NLD,GRADRATEFIELD,SOC_SCI,PC,A,2013,14.369
NLD,GRADRATEFIELD,SOC_SCI,PC,A,2014,14.314
NLD,GRADRATEFIELD,SOC_SCI,PC,A,2015,14.716
NLD,GRADRATEFIELD,SOC_SCI,PC,A,2016,14.613
NLD,GRADRATEFIELD,SOC_SCI,PC,A,2017,14.094
NLD,GRADRATEFIELD,SOC_SCI,PC,A,2018,13.588
NLD,GRADRATEFIELD,SOC_SCI,PC,A,2019,14.018
NLD,GRADRATEFIELD,SOC_SCI,PC,A,2020,14.414
NZL,GRADRATEFIELD,EDU,PC,A,2005,12.977
NZL,GRADRATEFIELD,EDU,PC,A,2010,12.892
NZL,GRADRATEFIELD,EDU,PC,A,2011,13.256
NZL,GRADRATEFIELD,EDU,PC,A,2012,12.948
NZL,GRADRATEFIELD,EDU,PC,A,2013,12.238
NZL,GRADRATEFIELD,EDU,PC,A,2014,11.559
NZL,GRADRATEFIELD,EDU,PC,A,2015,10.192
NZL,GRADRATEFIELD,EDU,PC,A,2016,9.709
NZL,GRADRATEFIELD,EDU,PC,A,2017,10.317
NZL,GRADRATEFIELD,EDU,PC,A,2018,9.979
NZL,GRADRATEFIELD,EDU,PC,A,2019,9.076
NZL,GRADRATEFIELD,EDU,PC,A,2020,9.5
NZL,GRADRATEFIELD,HEALTH,PC,A,2005,13.283
NZL,GRADRATEFIELD,HEALTH,PC,A,2010,14.58
NZL,GRADRATEFIELD,HEALTH,PC,A,2011,14.303
NZL,GRADRATEFIELD,HEALTH,PC,A,2012,14.655
NZL,GRADRATEFIELD,HEALTH,PC,A,2013,14.839
NZL,GRADRATEFIELD,HEALTH,PC,A,2014,14.689
NZL,GRADRATEFIELD,HEALTH,PC,A,2015,15.267
NZL,GRADRATEFIELD,HEALTH,PC,A,2016,15.475
NZL,GRADRATEFIELD,HEALTH,PC,A,2017,15.219
NZL,GRADRATEFIELD,HEALTH,PC,A,2018,14.801
NZL,GRADRATEFIELD,HEALTH,PC,A,2019,15.652
NZL,GRADRATEFIELD,HEALTH,PC,A,2020,15.731
NZL,GRADRATEFIELD,ARTS,PC,A,2005,14.712
NZL,GRADRATEFIELD,ARTS,PC,A,2010,13.762
NZL,GRADRATEFIELD,ARTS,PC,A,2011,13.941
NZL,GRADRATEFIELD,ARTS,PC,A,2012,14.058
NZL,GRADRATEFIELD,ARTS,PC,A,2013,14.441
NZL,GRADRATEFIELD,ARTS,PC,A,2014,13.847
NZL,GRADRATEFIELD,ARTS,PC,A,2015,11.725
NZL,GRADRATEFIELD,ARTS,PC,A,2016,11.15
NZL,GRADRATEFIELD,ARTS,PC,A,2017,11.429
NZL,GRADRATEFIELD,ARTS,PC,A,2018,12.145
NZL,GRADRATEFIELD,ARTS,PC,A,2019,12.007
NZL,GRADRATEFIELD,ARTS,PC,A,2020,11.061
NZL,GRADRATEFIELD,BUSINESS,PC,A,2005,24.649
NZL,GRADRATEFIELD,BUSINESS,PC,A,2010,22.848
NZL,GRADRATEFIELD,BUSINESS,PC,A,2011,22.609
NZL,GRADRATEFIELD,BUSINESS,PC,A,2012,22.379
NZL,GRADRATEFIELD,BUSINESS,PC,A,2013,22.03
NZL,GRADRATEFIELD,BUSINESS,PC,A,2014,23.365
NZL,GRADRATEFIELD,BUSINESS,PC,A,2015,25.059
NZL,GRADRATEFIELD,BUSINESS,PC,A,2016,25.834
NZL,GRADRATEFIELD,BUSINESS,PC,A,2017,24.668
NZL,GRADRATEFIELD,BUSINESS,PC,A,2018,24.057
NZL,GRADRATEFIELD,BUSINESS,PC,A,2019,24.359
NZL,GRADRATEFIELD,BUSINESS,PC,A,2020,24.535
NZL,GRADRATEFIELD,ENGINEERING,PC,A,2005,5.495
NZL,GRADRATEFIELD,ENGINEERING,PC,A,2010,7.045
NZL,GRADRATEFIELD,ENGINEERING,PC,A,2011,6.828
NZL,GRADRATEFIELD,ENGINEERING,PC,A,2012,7.112
NZL,GRADRATEFIELD,ENGINEERING,PC,A,2013,7.255
NZL,GRADRATEFIELD,ENGINEERING,PC,A,2014,7.804
NZL,GRADRATEFIELD,ENGINEERING,PC,A,2015,7.977
NZL,GRADRATEFIELD,ENGINEERING,PC,A,2016,7.945
NZL,GRADRATEFIELD,ENGINEERING,PC,A,2017,8.529
NZL,GRADRATEFIELD,ENGINEERING,PC,A,2018,9.056
NZL,GRADRATEFIELD,ENGINEERING,PC,A,2019,9.25
NZL,GRADRATEFIELD,ENGINEERING,PC,A,2020,9.443
NZL,GRADRATEFIELD,SOC_SCI,PC,A,2005,10.314
NZL,GRADRATEFIELD,SOC_SCI,PC,A,2010,9.97
NZL,GRADRATEFIELD,SOC_SCI,PC,A,2011,10.635
NZL,GRADRATEFIELD,SOC_SCI,PC,A,2012,10.122
NZL,GRADRATEFIELD,SOC_SCI,PC,A,2013,10.036
NZL,GRADRATEFIELD,SOC_SCI,PC,A,2014,9.621
NZL,GRADRATEFIELD,SOC_SCI,PC,A,2015,9.272
NZL,GRADRATEFIELD,SOC_SCI,PC,A,2016,8.883
NZL,GRADRATEFIELD,SOC_SCI,PC,A,2017,8.603
NZL,GRADRATEFIELD,SOC_SCI,PC,A,2018,9.058
NZL,GRADRATEFIELD,SOC_SCI,PC,A,2019,8.965
NZL,GRADRATEFIELD,SOC_SCI,PC,A,2020,9.247
NOR,GRADRATEFIELD,EDU,PC,A,2005,18.56
NOR,GRADRATEFIELD,EDU,PC,A,2010,16.756
NOR,GRADRATEFIELD,EDU,PC,A,2011,16.657
NOR,GRADRATEFIELD,EDU,PC,A,2012,17.233
NOR,GRADRATEFIELD,EDU,PC,A,2013,16.322
NOR,GRADRATEFIELD,EDU,PC,A,2014,16.139
NOR,GRADRATEFIELD,EDU,PC,A,2015,16.459
NOR,GRADRATEFIELD,EDU,PC,A,2016,16.601
NOR,GRADRATEFIELD,EDU,PC,A,2017,15.805
NOR,GRADRATEFIELD,EDU,PC,A,2018,16.315
NOR,GRADRATEFIELD,EDU,PC,A,2019,17.329
NOR,GRADRATEFIELD,EDU,PC,A,2020,16.134
NOR,GRADRATEFIELD,HEALTH,PC,A,2005,25.481
NOR,GRADRATEFIELD,HEALTH,PC,A,2010,21.149
NOR,GRADRATEFIELD,HEALTH,PC,A,2011,20.372
NOR,GRADRATEFIELD,HEALTH,PC,A,2012,22.645
NOR,GRADRATEFIELD,HEALTH,PC,A,2013,20.59
NOR,GRADRATEFIELD,HEALTH,PC,A,2014,19.876
NOR,GRADRATEFIELD,HEALTH,PC,A,2015,20.24
NOR,GRADRATEFIELD,HEALTH,PC,A,2016,20.59
NOR,GRADRATEFIELD,HEALTH,PC,A,2017,19.29
NOR,GRADRATEFIELD,HEALTH,PC,A,2018,19.826
NOR,GRADRATEFIELD,HEALTH,PC,A,2019,19.954
NOR,GRADRATEFIELD,HEALTH,PC,A,2020,19.383
NOR,GRADRATEFIELD,ARTS,PC,A,2005,7.053
NOR,GRADRATEFIELD,ARTS,PC,A,2010,10.512
NOR,GRADRATEFIELD,ARTS,PC,A,2011,10.076
NOR,GRADRATEFIELD,ARTS,PC,A,2012,10.592
NOR,GRADRATEFIELD,ARTS,PC,A,2013,9.701
NOR,GRADRATEFIELD,ARTS,PC,A,2014,8.956
NOR,GRADRATEFIELD,ARTS,PC,A,2015,8.562
NOR,GRADRATEFIELD,ARTS,PC,A,2016,8.26
NOR,GRADRATEFIELD,ARTS,PC,A,2017,7.661
NOR,GRADRATEFIELD,ARTS,PC,A,2018,8.077
NOR,GRADRATEFIELD,ARTS,PC,A,2019,7.954
NOR,GRADRATEFIELD,ARTS,PC,A,2020,8.598
NOR,GRADRATEFIELD,BUSINESS,PC,A,2005,13.34
NOR,GRADRATEFIELD,BUSINESS,PC,A,2010,15.988
NOR,GRADRATEFIELD,BUSINESS,PC,A,2011,19.327
NOR,GRADRATEFIELD,BUSINESS,PC,A,2012,15.171
NOR,GRADRATEFIELD,BUSINESS,PC,A,2013,14.205
NOR,GRADRATEFIELD,BUSINESS,PC,A,2014,16.158
NOR,GRADRATEFIELD,BUSINESS,PC,A,2015,15.797
NOR,GRADRATEFIELD,BUSINESS,PC,A,2016,16.115
NOR,GRADRATEFIELD,BUSINESS,PC,A,2017,18.578
NOR,GRADRATEFIELD,BUSINESS,PC,A,2018,17.062
NOR,GRADRATEFIELD,BUSINESS,PC,A,2019,16.209
NOR,GRADRATEFIELD,BUSINESS,PC,A,2020,16.644
NOR,GRADRATEFIELD,ENGINEERING,PC,A,2005,10.948
NOR,GRADRATEFIELD,ENGINEERING,PC,A,2010,12.142
NOR,GRADRATEFIELD,ENGINEERING,PC,A,2011,13.544
NOR,GRADRATEFIELD,ENGINEERING,PC,A,2012,14.483
NOR,GRADRATEFIELD,ENGINEERING,PC,A,2013,13.219
NOR,GRADRATEFIELD,ENGINEERING,PC,A,2014,12.729
NOR,GRADRATEFIELD,ENGINEERING,PC,A,2015,12.91
NOR,GRADRATEFIELD,ENGINEERING,PC,A,2016,12.642
NOR,GRADRATEFIELD,ENGINEERING,PC,A,2017,13.584
NOR,GRADRATEFIELD,ENGINEERING,PC,A,2018,13.432
NOR,GRADRATEFIELD,ENGINEERING,PC,A,2019,12.291
NOR,GRADRATEFIELD,ENGINEERING,PC,A,2020,11.976
NOR,GRADRATEFIELD,SOC_SCI,PC,A,2005,11.808
NOR,GRADRATEFIELD,SOC_SCI,PC,A,2010,13.309
NOR,GRADRATEFIELD,SOC_SCI,PC,A,2011,13.839
NOR,GRADRATEFIELD,SOC_SCI,PC,A,2012,13.189
NOR,GRADRATEFIELD,SOC_SCI,PC,A,2013,11.363
NOR,GRADRATEFIELD,SOC_SCI,PC,A,2014,11.196
NOR,GRADRATEFIELD,SOC_SCI,PC,A,2015,11.344
NOR,GRADRATEFIELD,SOC_SCI,PC,A,2016,11.23
NOR,GRADRATEFIELD,SOC_SCI,PC,A,2017,10.446
NOR,GRADRATEFIELD,SOC_SCI,PC,A,2018,11.036
NOR,GRADRATEFIELD,SOC_SCI,PC,A,2019,11.369
NOR,GRADRATEFIELD,SOC_SCI,PC,A,2020,11.57
POL,GRADRATEFIELD,EDU,PC,A,2005,36.405
POL,GRADRATEFIELD,EDU,PC,A,2015,13.521
POL,GRADRATEFIELD,EDU,PC,A,2016,13.587
POL,GRADRATEFIELD,EDU,PC,A,2017,13.343
POL,GRADRATEFIELD,EDU,PC,A,2018,14.693
POL,GRADRATEFIELD,EDU,PC,A,2019,13.236
POL,GRADRATEFIELD,EDU,PC,A,2020,12.691
POL,GRADRATEFIELD,HEALTH,PC,A,2005,13.999
POL,GRADRATEFIELD,HEALTH,PC,A,2014,14.493
POL,GRADRATEFIELD,HEALTH,PC,A,2015,13.19
POL,GRADRATEFIELD,HEALTH,PC,A,2016,12.85
POL,GRADRATEFIELD,HEALTH,PC,A,2017,13.293
POL,GRADRATEFIELD,HEALTH,PC,A,2018,14.867
POL,GRADRATEFIELD,HEALTH,PC,A,2019,17.479
POL,GRADRATEFIELD,HEALTH,PC,A,2020,15.869
POL,GRADRATEFIELD,ARTS,PC,A,2005,14.795
POL,GRADRATEFIELD,ARTS,PC,A,2014,8.535
POL,GRADRATEFIELD,ARTS,PC,A,2015,7.408
POL,GRADRATEFIELD,ARTS,PC,A,2016,7.175
POL,GRADRATEFIELD,ARTS,PC,A,2017,6.918
POL,GRADRATEFIELD,ARTS,PC,A,2018,7.036
POL,GRADRATEFIELD,ARTS,PC,A,2019,6.872
POL,GRADRATEFIELD,ARTS,PC,A,2020,7.077
POL,GRADRATEFIELD,BUSINESS,PC,A,2014,31.133
POL,GRADRATEFIELD,BUSINESS,PC,A,2015,23.655
POL,GRADRATEFIELD,BUSINESS,PC,A,2016,24.297
POL,GRADRATEFIELD,BUSINESS,PC,A,2017,24.361
POL,GRADRATEFIELD,BUSINESS,PC,A,2018,23.525
POL,GRADRATEFIELD,BUSINESS,PC,A,2019,23.82
POL,GRADRATEFIELD,BUSINESS,PC,A,2020,25.983
POL,GRADRATEFIELD,ENGINEERING,PC,A,2005,19.13
POL,GRADRATEFIELD,ENGINEERING,PC,A,2014,16.136
POL,GRADRATEFIELD,ENGINEERING,PC,A,2015,15.092
POL,GRADRATEFIELD,ENGINEERING,PC,A,2016,15.623
POL,GRADRATEFIELD,ENGINEERING,PC,A,2017,15.825
POL,GRADRATEFIELD,ENGINEERING,PC,A,2018,14.583
POL,GRADRATEFIELD,ENGINEERING,PC,A,2019,13.857
POL,GRADRATEFIELD,ENGINEERING,PC,A,2020,12.719
POL,GRADRATEFIELD,SOC_SCI,PC,A,2014,11.818
POL,GRADRATEFIELD,SOC_SCI,PC,A,2015,10.6
POL,GRADRATEFIELD,SOC_SCI,PC,A,2016,10.495
POL,GRADRATEFIELD,SOC_SCI,PC,A,2017,9.848
POL,GRADRATEFIELD,SOC_SCI,PC,A,2018,8.968
POL,GRADRATEFIELD,SOC_SCI,PC,A,2019,8.766
POL,GRADRATEFIELD,SOC_SCI,PC,A,2020,9.227
PRT,GRADRATEFIELD,EDU,PC,A,2005,14.855
PRT,GRADRATEFIELD,EDU,PC,A,2010,8.562
PRT,GRADRATEFIELD,EDU,PC,A,2011,7.7
PRT,GRADRATEFIELD,EDU,PC,A,2012,8.849
PRT,GRADRATEFIELD,EDU,PC,A,2013,7.775
PRT,GRADRATEFIELD,EDU,PC,A,2014,7.061
PRT,GRADRATEFIELD,EDU,PC,A,2015,6.906
PRT,GRADRATEFIELD,EDU,PC,A,2016,5.284
PRT,GRADRATEFIELD,EDU,PC,A,2017,4.807
PRT,GRADRATEFIELD,EDU,PC,A,2018,4.418
PRT,GRADRATEFIELD,EDU,PC,A,2019,4.233
PRT,GRADRATEFIELD,EDU,PC,A,2020,4.126
PRT,GRADRATEFIELD,HEALTH,PC,A,2005,19.263
PRT,GRADRATEFIELD,HEALTH,PC,A,2010,20.087
PRT,GRADRATEFIELD,HEALTH,PC,A,2011,20.267
PRT,GRADRATEFIELD,HEALTH,PC,A,2012,18.664
PRT,GRADRATEFIELD,HEALTH,PC,A,2013,18.278
PRT,GRADRATEFIELD,HEALTH,PC,A,2014,18.609
PRT,GRADRATEFIELD,HEALTH,PC,A,2015,18.579
PRT,GRADRATEFIELD,HEALTH,PC,A,2016,18.21
PRT,GRADRATEFIELD,HEALTH,PC,A,2017,17.417
PRT,GRADRATEFIELD,HEALTH,PC,A,2018,17.507
PRT,GRADRATEFIELD,HEALTH,PC,A,2019,17.338
PRT,GRADRATEFIELD,HEALTH,PC,A,2020,16.757
PRT,GRADRATEFIELD,ARTS,PC,A,2005,8.901
PRT,GRADRATEFIELD,ARTS,PC,A,2010,8.402
PRT,GRADRATEFIELD,ARTS,PC,A,2011,8.328
PRT,GRADRATEFIELD,ARTS,PC,A,2012,8.789
PRT,GRADRATEFIELD,ARTS,PC,A,2013,9.377
PRT,GRADRATEFIELD,ARTS,PC,A,2014,9.584
PRT,GRADRATEFIELD,ARTS,PC,A,2015,9.021
PRT,GRADRATEFIELD,ARTS,PC,A,2016,9.41
PRT,GRADRATEFIELD,ARTS,PC,A,2017,9.99
PRT,GRADRATEFIELD,ARTS,PC,A,2018,10.08
PRT,GRADRATEFIELD,ARTS,PC,A,2019,10.039
PRT,GRADRATEFIELD,ARTS,PC,A,2020,9.516
PRT,GRADRATEFIELD,BUSINESS,PC,A,2005,17.744
PRT,GRADRATEFIELD,BUSINESS,PC,A,2010,17.494
PRT,GRADRATEFIELD,BUSINESS,PC,A,2011,17.902
PRT,GRADRATEFIELD,BUSINESS,PC,A,2012,18.372
PRT,GRADRATEFIELD,BUSINESS,PC,A,2013,18.505
PRT,GRADRATEFIELD,BUSINESS,PC,A,2014,18.373
PRT,GRADRATEFIELD,BUSINESS,PC,A,2015,18.666
PRT,GRADRATEFIELD,BUSINESS,PC,A,2016,19.085
PRT,GRADRATEFIELD,BUSINESS,PC,A,2017,19.368
PRT,GRADRATEFIELD,BUSINESS,PC,A,2018,20.271
PRT,GRADRATEFIELD,BUSINESS,PC,A,2019,20.506
PRT,GRADRATEFIELD,BUSINESS,PC,A,2020,21.348
PRT,GRADRATEFIELD,ENGINEERING,PC,A,2005,15.785
PRT,GRADRATEFIELD,ENGINEERING,PC,A,2010,20.078
PRT,GRADRATEFIELD,ENGINEERING,PC,A,2011,20.467
PRT,GRADRATEFIELD,ENGINEERING,PC,A,2012,19.881
PRT,GRADRATEFIELD,ENGINEERING,PC,A,2013,20.689
PRT,GRADRATEFIELD,ENGINEERING,PC,A,2014,20.349
PRT,GRADRATEFIELD,ENGINEERING,PC,A,2015,20.523
PRT,GRADRATEFIELD,ENGINEERING,PC,A,2016,21.276
PRT,GRADRATEFIELD,ENGINEERING,PC,A,2017,20.914
PRT,GRADRATEFIELD,ENGINEERING,PC,A,2018,19.591
PRT,GRADRATEFIELD,ENGINEERING,PC,A,2019,19.637
PRT,GRADRATEFIELD,ENGINEERING,PC,A,2020,19.069
PRT,GRADRATEFIELD,SOC_SCI,PC,A,2005,9.839
PRT,GRADRATEFIELD,SOC_SCI,PC,A,2010,11.738
PRT,GRADRATEFIELD,SOC_SCI,PC,A,2011,11.359
PRT,GRADRATEFIELD,SOC_SCI,PC,A,2012,12.006
PRT,GRADRATEFIELD,SOC_SCI,PC,A,2013,11.31
PRT,GRADRATEFIELD,SOC_SCI,PC,A,2014,11.246
PRT,GRADRATEFIELD,SOC_SCI,PC,A,2015,11.345
PRT,GRADRATEFIELD,SOC_SCI,PC,A,2016,11.287
PRT,GRADRATEFIELD,SOC_SCI,PC,A,2017,10.943
PRT,GRADRATEFIELD,SOC_SCI,PC,A,2018,11.158
PRT,GRADRATEFIELD,SOC_SCI,PC,A,2019,11.014
PRT,GRADRATEFIELD,SOC_SCI,PC,A,2020,11.416
SVK,GRADRATEFIELD,EDU,PC,A,2013,13.131
SVK,GRADRATEFIELD,EDU,PC,A,2014,12.699
SVK,GRADRATEFIELD,EDU,PC,A,2015,13.061
SVK,GRADRATEFIELD,EDU,PC,A,2016,13.129
SVK,GRADRATEFIELD,EDU,PC,A,2017,12.777
SVK,GRADRATEFIELD,EDU,PC,A,2018,13.657
SVK,GRADRATEFIELD,EDU,PC,A,2019,13.334
SVK,GRADRATEFIELD,EDU,PC,A,2020,14.242
SVK,GRADRATEFIELD,HEALTH,PC,A,2013,18.879
SVK,GRADRATEFIELD,HEALTH,PC,A,2014,18.038
SVK,GRADRATEFIELD,HEALTH,PC,A,2015,17.519
SVK,GRADRATEFIELD,HEALTH,PC,A,2016,17.761
SVK,GRADRATEFIELD,HEALTH,PC,A,2017,18.178
SVK,GRADRATEFIELD,HEALTH,PC,A,2018,16.511
SVK,GRADRATEFIELD,HEALTH,PC,A,2019,16.563
SVK,GRADRATEFIELD,HEALTH,PC,A,2020,16.769
SVK,GRADRATEFIELD,ARTS,PC,A,2013,6.884
SVK,GRADRATEFIELD,ARTS,PC,A,2014,7.111
SVK,GRADRATEFIELD,ARTS,PC,A,2015,7.369
SVK,GRADRATEFIELD,ARTS,PC,A,2016,7.495
SVK,GRADRATEFIELD,ARTS,PC,A,2017,7.706
SVK,GRADRATEFIELD,ARTS,PC,A,2018,7.63
SVK,GRADRATEFIELD,ARTS,PC,A,2019,7.819
SVK,GRADRATEFIELD,ARTS,PC,A,2020,7.746
SVK,GRADRATEFIELD,BUSINESS,PC,A,2013,20.878
SVK,GRADRATEFIELD,BUSINESS,PC,A,2014,21.639
SVK,GRADRATEFIELD,BUSINESS,PC,A,2015,21.366
SVK,GRADRATEFIELD,BUSINESS,PC,A,2016,20.334
SVK,GRADRATEFIELD,BUSINESS,PC,A,2017,20.378
SVK,GRADRATEFIELD,BUSINESS,PC,A,2018,20.069
SVK,GRADRATEFIELD,BUSINESS,PC,A,2019,20.846
SVK,GRADRATEFIELD,BUSINESS,PC,A,2020,20.214
SVK,GRADRATEFIELD,ENGINEERING,PC,A,2013,12.926
SVK,GRADRATEFIELD,ENGINEERING,PC,A,2014,12.534
SVK,GRADRATEFIELD,ENGINEERING,PC,A,2015,12.7
SVK,GRADRATEFIELD,ENGINEERING,PC,A,2016,12.431
SVK,GRADRATEFIELD,ENGINEERING,PC,A,2017,12.127
SVK,GRADRATEFIELD,ENGINEERING,PC,A,2018,12.434
SVK,GRADRATEFIELD,ENGINEERING,PC,A,2019,12.285
SVK,GRADRATEFIELD,ENGINEERING,PC,A,2020,12.564
SVK,GRADRATEFIELD,SOC_SCI,PC,A,2013,11.468
SVK,GRADRATEFIELD,SOC_SCI,PC,A,2014,11.873
SVK,GRADRATEFIELD,SOC_SCI,PC,A,2015,11.496
SVK,GRADRATEFIELD,SOC_SCI,PC,A,2016,11.903
SVK,GRADRATEFIELD,SOC_SCI,PC,A,2017,11.564
SVK,GRADRATEFIELD,SOC_SCI,PC,A,2018,11.777
SVK,GRADRATEFIELD,SOC_SCI,PC,A,2019,10.882
SVK,GRADRATEFIELD,SOC_SCI,PC,A,2020,10.006
ESP,GRADRATEFIELD,EDU,PC,A,2005,11.31
ESP,GRADRATEFIELD,EDU,PC,A,2010,16.338
ESP,GRADRATEFIELD,EDU,PC,A,2013,13.784
ESP,GRADRATEFIELD,EDU,PC,A,2014,16.251
ESP,GRADRATEFIELD,EDU,PC,A,2015,16.346
ESP,GRADRATEFIELD,EDU,PC,A,2016,16.542
ESP,GRADRATEFIELD,EDU,PC,A,2017,16.401
ESP,GRADRATEFIELD,EDU,PC,A,2018,17.03
ESP,GRADRATEFIELD,EDU,PC,A,2019,16.211
ESP,GRADRATEFIELD,EDU,PC,A,2020,17.427
ESP,GRADRATEFIELD,HEALTH,PC,A,2005,12.714
ESP,GRADRATEFIELD,HEALTH,PC,A,2010,15.159
ESP,GRADRATEFIELD,HEALTH,PC,A,2013,14.708
ESP,GRADRATEFIELD,HEALTH,PC,A,2014,15.165
ESP,GRADRATEFIELD,HEALTH,PC,A,2015,14.632
ESP,GRADRATEFIELD,HEALTH,PC,A,2016,15.999
ESP,GRADRATEFIELD,HEALTH,PC,A,2017,16.389
ESP,GRADRATEFIELD,HEALTH,PC,A,2018,16.818
ESP,GRADRATEFIELD,HEALTH,PC,A,2019,17.424
ESP,GRADRATEFIELD,HEALTH,PC,A,2020,17.35
ESP,GRADRATEFIELD,ARTS,PC,A,2005,9.19
ESP,GRADRATEFIELD,ARTS,PC,A,2010,8.662
ESP,GRADRATEFIELD,ARTS,PC,A,2013,9.056
ESP,GRADRATEFIELD,ARTS,PC,A,2014,8.584
ESP,GRADRATEFIELD,ARTS,PC,A,2015,8.891
ESP,GRADRATEFIELD,ARTS,PC,A,2016,9.147
ESP,GRADRATEFIELD,ARTS,PC,A,2017,9.085
ESP,GRADRATEFIELD,ARTS,PC,A,2018,8.921
ESP,GRADRATEFIELD,ARTS,PC,A,2019,8.943
ESP,GRADRATEFIELD,ARTS,PC,A,2020,8.888
ESP,GRADRATEFIELD,BUSINESS,PC,A,2005,22.231
ESP,GRADRATEFIELD,BUSINESS,PC,A,2010,18.673
ESP,GRADRATEFIELD,BUSINESS,PC,A,2013,20.066
ESP,GRADRATEFIELD,BUSINESS,PC,A,2014,19.393
ESP,GRADRATEFIELD,BUSINESS,PC,A,2015,19.336
ESP,GRADRATEFIELD,BUSINESS,PC,A,2016,18.642
ESP,GRADRATEFIELD,BUSINESS,PC,A,2017,18.928
ESP,GRADRATEFIELD,BUSINESS,PC,A,2018,19.343
ESP,GRADRATEFIELD,BUSINESS,PC,A,2019,19.257
ESP,GRADRATEFIELD,BUSINESS,PC,A,2020,19.175
ESP,GRADRATEFIELD,ENGINEERING,PC,A,2005,17.514
ESP,GRADRATEFIELD,ENGINEERING,PC,A,2010,17.101
ESP,GRADRATEFIELD,ENGINEERING,PC,A,2013,16.461
ESP,GRADRATEFIELD,ENGINEERING,PC,A,2014,15.776
ESP,GRADRATEFIELD,ENGINEERING,PC,A,2015,16.452
ESP,GRADRATEFIELD,ENGINEERING,PC,A,2016,14.876
ESP,GRADRATEFIELD,ENGINEERING,PC,A,2017,14.225
ESP,GRADRATEFIELD,ENGINEERING,PC,A,2018,13.161
ESP,GRADRATEFIELD,ENGINEERING,PC,A,2019,13.012
ESP,GRADRATEFIELD,ENGINEERING,PC,A,2020,12.093
ESP,GRADRATEFIELD,SOC_SCI,PC,A,2005,6.716
ESP,GRADRATEFIELD,SOC_SCI,PC,A,2010,6.57
ESP,GRADRATEFIELD,SOC_SCI,PC,A,2013,7.687
ESP,GRADRATEFIELD,SOC_SCI,PC,A,2014,7.351
ESP,GRADRATEFIELD,SOC_SCI,PC,A,2015,6.998
ESP,GRADRATEFIELD,SOC_SCI,PC,A,2016,7.103
ESP,GRADRATEFIELD,SOC_SCI,PC,A,2017,7.078
ESP,GRADRATEFIELD,SOC_SCI,PC,A,2018,6.976
ESP,GRADRATEFIELD,SOC_SCI,PC,A,2019,7.184
ESP,GRADRATEFIELD,SOC_SCI,PC,A,2020,7.533
SWE,GRADRATEFIELD,EDU,PC,A,2013,13.182
SWE,GRADRATEFIELD,EDU,PC,A,2014,13.776
SWE,GRADRATEFIELD,EDU,PC,A,2015,12.076
SWE,GRADRATEFIELD,EDU,PC,A,2016,12.216
SWE,GRADRATEFIELD,EDU,PC,A,2017,12.227
SWE,GRADRATEFIELD,EDU,PC,A,2018,12.989
SWE,GRADRATEFIELD,EDU,PC,A,2019,12.979
SWE,GRADRATEFIELD,EDU,PC,A,2020,13.76
SWE,GRADRATEFIELD,HEALTH,PC,A,2013,22.775
SWE,GRADRATEFIELD,HEALTH,PC,A,2014,22.721
SWE,GRADRATEFIELD,HEALTH,PC,A,2015,21.846
SWE,GRADRATEFIELD,HEALTH,PC,A,2016,22.179
SWE,GRADRATEFIELD,HEALTH,PC,A,2017,23.056
SWE,GRADRATEFIELD,HEALTH,PC,A,2018,23.242
SWE,GRADRATEFIELD,HEALTH,PC,A,2019,22.102
SWE,GRADRATEFIELD,HEALTH,PC,A,2020,21.921
SWE,GRADRATEFIELD,ARTS,PC,A,2013,6.05
SWE,GRADRATEFIELD,ARTS,PC,A,2014,5.933
SWE,GRADRATEFIELD,ARTS,PC,A,2015,6.181
SWE,GRADRATEFIELD,ARTS,PC,A,2016,6.03
SWE,GRADRATEFIELD,ARTS,PC,A,2017,5.988
SWE,GRADRATEFIELD,ARTS,PC,A,2018,5.623
SWE,GRADRATEFIELD,ARTS,PC,A,2019,6.301
SWE,GRADRATEFIELD,ARTS,PC,A,2020,6.285
SWE,GRADRATEFIELD,BUSINESS,PC,A,2013,16.297
SWE,GRADRATEFIELD,BUSINESS,PC,A,2014,16.547
SWE,GRADRATEFIELD,BUSINESS,PC,A,2015,17.906
SWE,GRADRATEFIELD,BUSINESS,PC,A,2016,17.12
SWE,GRADRATEFIELD,BUSINESS,PC,A,2017,16.186
SWE,GRADRATEFIELD,BUSINESS,PC,A,2018,16.417
SWE,GRADRATEFIELD,BUSINESS,PC,A,2019,16.14
SWE,GRADRATEFIELD,BUSINESS,PC,A,2020,15.75
SWE,GRADRATEFIELD,ENGINEERING,PC,A,2013,18.208
SWE,GRADRATEFIELD,ENGINEERING,PC,A,2014,17.953
SWE,GRADRATEFIELD,ENGINEERING,PC,A,2015,18.149
SWE,GRADRATEFIELD,ENGINEERING,PC,A,2016,18.319
SWE,GRADRATEFIELD,ENGINEERING,PC,A,2017,18.807
SWE,GRADRATEFIELD,ENGINEERING,PC,A,2018,18.278
SWE,GRADRATEFIELD,ENGINEERING,PC,A,2019,18.953
SWE,GRADRATEFIELD,ENGINEERING,PC,A,2020,18.286
SWE,GRADRATEFIELD,SOC_SCI,PC,A,2013,12.289
SWE,GRADRATEFIELD,SOC_SCI,PC,A,2014,12.371
SWE,GRADRATEFIELD,SOC_SCI,PC,A,2015,12.731
SWE,GRADRATEFIELD,SOC_SCI,PC,A,2016,12.982
SWE,GRADRATEFIELD,SOC_SCI,PC,A,2017,11.88
SWE,GRADRATEFIELD,SOC_SCI,PC,A,2018,11.807
SWE,GRADRATEFIELD,SOC_SCI,PC,A,2019,12.05
SWE,GRADRATEFIELD,SOC_SCI,PC,A,2020,12.138
CHE,GRADRATEFIELD,EDU,PC,A,2005,8.428
CHE,GRADRATEFIELD,EDU,PC,A,2010,9.15
CHE,GRADRATEFIELD,EDU,PC,A,2011,9.073
CHE,GRADRATEFIELD,EDU,PC,A,2012,9.157
CHE,GRADRATEFIELD,EDU,PC,A,2013,9.368
CHE,GRADRATEFIELD,EDU,PC,A,2014,9.72
CHE,GRADRATEFIELD,EDU,PC,A,2015,9.871
CHE,GRADRATEFIELD,EDU,PC,A,2016,9.975
CHE,GRADRATEFIELD,EDU,PC,A,2017,9.655
CHE,GRADRATEFIELD,EDU,PC,A,2018,9.773
CHE,GRADRATEFIELD,EDU,PC,A,2019,9.585
CHE,GRADRATEFIELD,EDU,PC,A,2020,9.697
CHE,GRADRATEFIELD,HEALTH,PC,A,2005,13.579
CHE,GRADRATEFIELD,HEALTH,PC,A,2010,15.227
CHE,GRADRATEFIELD,HEALTH,PC,A,2011,14.273
CHE,GRADRATEFIELD,HEALTH,PC,A,2012,13.629
CHE,GRADRATEFIELD,HEALTH,PC,A,2013,13.909
CHE,GRADRATEFIELD,HEALTH,PC,A,2014,14.379
CHE,GRADRATEFIELD,HEALTH,PC,A,2015,14.546
CHE,GRADRATEFIELD,HEALTH,PC,A,2016,14.867
CHE,GRADRATEFIELD,HEALTH,PC,A,2017,15.51
CHE,GRADRATEFIELD,HEALTH,PC,A,2018,15.468
CHE,GRADRATEFIELD,HEALTH,PC,A,2019,16.095
CHE,GRADRATEFIELD,HEALTH,PC,A,2020,16.535
CHE,GRADRATEFIELD,ARTS,PC,A,2005,6.763
CHE,GRADRATEFIELD,ARTS,PC,A,2010,8.809
CHE,GRADRATEFIELD,ARTS,PC,A,2011,8.882
CHE,GRADRATEFIELD,ARTS,PC,A,2012,8.692
CHE,GRADRATEFIELD,ARTS,PC,A,2013,8.381
CHE,GRADRATEFIELD,ARTS,PC,A,2014,8.245
CHE,GRADRATEFIELD,ARTS,PC,A,2015,8.235
CHE,GRADRATEFIELD,ARTS,PC,A,2016,7.638
CHE,GRADRATEFIELD,ARTS,PC,A,2017,7.531
CHE,GRADRATEFIELD,ARTS,PC,A,2018,7.404
CHE,GRADRATEFIELD,ARTS,PC,A,2019,7.313
CHE,GRADRATEFIELD,ARTS,PC,A,2020,7.407
CHE,GRADRATEFIELD,BUSINESS,PC,A,2005,29.883
CHE,GRADRATEFIELD,BUSINESS,PC,A,2010,29.772
CHE,GRADRATEFIELD,BUSINESS,PC,A,2011,28.927
CHE,GRADRATEFIELD,BUSINESS,PC,A,2012,29.507
CHE,GRADRATEFIELD,BUSINESS,PC,A,2013,28.833
CHE,GRADRATEFIELD,BUSINESS,PC,A,2014,28.57
CHE,GRADRATEFIELD,BUSINESS,PC,A,2015,28.452
CHE,GRADRATEFIELD,BUSINESS,PC,A,2016,28.763
CHE,GRADRATEFIELD,BUSINESS,PC,A,2017,28.566
CHE,GRADRATEFIELD,BUSINESS,PC,A,2018,28.497
CHE,GRADRATEFIELD,BUSINESS,PC,A,2019,27.831
CHE,GRADRATEFIELD,BUSINESS,PC,A,2020,27.321
CHE,GRADRATEFIELD,ENGINEERING,PC,A,2005,14.901
CHE,GRADRATEFIELD,ENGINEERING,PC,A,2010,13.879
CHE,GRADRATEFIELD,ENGINEERING,PC,A,2011,13.913
CHE,GRADRATEFIELD,ENGINEERING,PC,A,2012,14.422
CHE,GRADRATEFIELD,ENGINEERING,PC,A,2013,14.361
CHE,GRADRATEFIELD,ENGINEERING,PC,A,2014,14.881
CHE,GRADRATEFIELD,ENGINEERING,PC,A,2015,15.473
CHE,GRADRATEFIELD,ENGINEERING,PC,A,2016,15.704
CHE,GRADRATEFIELD,ENGINEERING,PC,A,2017,15.838
CHE,GRADRATEFIELD,ENGINEERING,PC,A,2018,15.841
CHE,GRADRATEFIELD,ENGINEERING,PC,A,2019,16.023
CHE,GRADRATEFIELD,ENGINEERING,PC,A,2020,15.528
CHE,GRADRATEFIELD,SOC_SCI,PC,A,2005,5.877
CHE,GRADRATEFIELD,SOC_SCI,PC,A,2010,6.656
CHE,GRADRATEFIELD,SOC_SCI,PC,A,2011,7.016
CHE,GRADRATEFIELD,SOC_SCI,PC,A,2012,7.013
CHE,GRADRATEFIELD,SOC_SCI,PC,A,2013,6.918
CHE,GRADRATEFIELD,SOC_SCI,PC,A,2014,6.765
CHE,GRADRATEFIELD,SOC_SCI,PC,A,2015,7.083
CHE,GRADRATEFIELD,SOC_SCI,PC,A,2016,7.118
CHE,GRADRATEFIELD,SOC_SCI,PC,A,2017,6.782
CHE,GRADRATEFIELD,SOC_SCI,PC,A,2018,6.615
CHE,GRADRATEFIELD,SOC_SCI,PC,A,2019,6.809
CHE,GRADRATEFIELD,SOC_SCI,PC,A,2020,6.953
TUR,GRADRATEFIELD,EDU,PC,A,2005,17.335
TUR,GRADRATEFIELD,EDU,PC,A,2010,11.847
TUR,GRADRATEFIELD,EDU,PC,A,2011,10.046
TUR,GRADRATEFIELD,EDU,PC,A,2012,10.122
TUR,GRADRATEFIELD,EDU,PC,A,2013,10.122
TUR,GRADRATEFIELD,EDU,PC,A,2014,10.4
TUR,GRADRATEFIELD,EDU,PC,A,2015,10.277
TUR,GRADRATEFIELD,EDU,PC,A,2016,9.604
TUR,GRADRATEFIELD,EDU,PC,A,2017,9.544
TUR,GRADRATEFIELD,EDU,PC,A,2018,9.281
TUR,GRADRATEFIELD,EDU,PC,A,2019,6.957
TUR,GRADRATEFIELD,EDU,PC,A,2020,4.884
TUR,GRADRATEFIELD,HEALTH,PC,A,2005,7.113
TUR,GRADRATEFIELD,HEALTH,PC,A,2010,5.908
TUR,GRADRATEFIELD,HEALTH,PC,A,2011,5.494
TUR,GRADRATEFIELD,HEALTH,PC,A,2012,5.722
TUR,GRADRATEFIELD,HEALTH,PC,A,2013,5.722
TUR,GRADRATEFIELD,HEALTH,PC,A,2014,6.525
TUR,GRADRATEFIELD,HEALTH,PC,A,2015,7.677
TUR,GRADRATEFIELD,HEALTH,PC,A,2016,10.084
TUR,GRADRATEFIELD,HEALTH,PC,A,2017,12.34
TUR,GRADRATEFIELD,HEALTH,PC,A,2018,12.831
TUR,GRADRATEFIELD,HEALTH,PC,A,2019,15.944
TUR,GRADRATEFIELD,HEALTH,PC,A,2020,16.063
TUR,GRADRATEFIELD,ARTS,PC,A,2005,6.412
TUR,GRADRATEFIELD,ARTS,PC,A,2010,8.158
TUR,GRADRATEFIELD,ARTS,PC,A,2011,7.46
TUR,GRADRATEFIELD,ARTS,PC,A,2012,8.497
TUR,GRADRATEFIELD,ARTS,PC,A,2013,8.497
TUR,GRADRATEFIELD,ARTS,PC,A,2014,10.879
TUR,GRADRATEFIELD,ARTS,PC,A,2015,10.954
TUR,GRADRATEFIELD,ARTS,PC,A,2016,11.128
TUR,GRADRATEFIELD,ARTS,PC,A,2017,10.668
TUR,GRADRATEFIELD,ARTS,PC,A,2018,11.074
TUR,GRADRATEFIELD,ARTS,PC,A,2019,11.806
TUR,GRADRATEFIELD,ARTS,PC,A,2020,12.343
TUR,GRADRATEFIELD,BUSINESS,PC,A,2005,22.636
TUR,GRADRATEFIELD,BUSINESS,PC,A,2010,30.204
TUR,GRADRATEFIELD,BUSINESS,PC,A,2011,39.569
TUR,GRADRATEFIELD,BUSINESS,PC,A,2012,40.296
TUR,GRADRATEFIELD,BUSINESS,PC,A,2013,40.296
TUR,GRADRATEFIELD,BUSINESS,PC,A,2014,38.294
TUR,GRADRATEFIELD,BUSINESS,PC,A,2015,38.277
TUR,GRADRATEFIELD,BUSINESS,PC,A,2016,34.558
TUR,GRADRATEFIELD,BUSINESS,PC,A,2017,31.396
TUR,GRADRATEFIELD,BUSINESS,PC,A,2018,30.806
TUR,GRADRATEFIELD,BUSINESS,PC,A,2019,29.851
TUR,GRADRATEFIELD,BUSINESS,PC,A,2020,30.044
TUR,GRADRATEFIELD,ENGINEERING,PC,A,2005,15.037
TUR,GRADRATEFIELD,ENGINEERING,PC,A,2010,13.65
TUR,GRADRATEFIELD,ENGINEERING,PC,A,2011,13.916
TUR,GRADRATEFIELD,ENGINEERING,PC,A,2012,12.65
TUR,GRADRATEFIELD,ENGINEERING,PC,A,2013,12.65
TUR,GRADRATEFIELD,ENGINEERING,PC,A,2014,13.505
TUR,GRADRATEFIELD,ENGINEERING,PC,A,2015,13.279
TUR,GRADRATEFIELD,ENGINEERING,PC,A,2016,14.222
TUR,GRADRATEFIELD,ENGINEERING,PC,A,2017,15.233
TUR,GRADRATEFIELD,ENGINEERING,PC,A,2018,15.326
TUR,GRADRATEFIELD,ENGINEERING,PC,A,2019,14.08
TUR,GRADRATEFIELD,ENGINEERING,PC,A,2020,11.306
TUR,GRADRATEFIELD,SOC_SCI,PC,A,2005,14.952
TUR,GRADRATEFIELD,SOC_SCI,PC,A,2010,14.558
TUR,GRADRATEFIELD,SOC_SCI,PC,A,2011,6.205
TUR,GRADRATEFIELD,SOC_SCI,PC,A,2012,6.413
TUR,GRADRATEFIELD,SOC_SCI,PC,A,2013,6.413
TUR,GRADRATEFIELD,SOC_SCI,PC,A,2014,7.268
TUR,GRADRATEFIELD,SOC_SCI,PC,A,2015,7.504
TUR,GRADRATEFIELD,SOC_SCI,PC,A,2016,8.191
TUR,GRADRATEFIELD,SOC_SCI,PC,A,2017,8.162
TUR,GRADRATEFIELD,SOC_SCI,PC,A,2018,7.828
TUR,GRADRATEFIELD,SOC_SCI,PC,A,2019,8.349
TUR,GRADRATEFIELD,SOC_SCI,PC,A,2020,10.651
GBR,GRADRATEFIELD,EDU,PC,A,2005,10.122
GBR,GRADRATEFIELD,EDU,PC,A,2012,10.857
GBR,GRADRATEFIELD,EDU,PC,A,2013,10.43
GBR,GRADRATEFIELD,EDU,PC,A,2014,10.126
GBR,GRADRATEFIELD,EDU,PC,A,2015,9.588
GBR,GRADRATEFIELD,EDU,PC,A,2016,9.093
GBR,GRADRATEFIELD,EDU,PC,A,2017,8.743
GBR,GRADRATEFIELD,EDU,PC,A,2018,8.262
GBR,GRADRATEFIELD,EDU,PC,A,2019,7.846
GBR,GRADRATEFIELD,EDU,PC,A,2020,7.368
GBR,GRADRATEFIELD,HEALTH,PC,A,2005,16.433
GBR,GRADRATEFIELD,HEALTH,PC,A,2012,12.129
GBR,GRADRATEFIELD,HEALTH,PC,A,2013,11.784
GBR,GRADRATEFIELD,HEALTH,PC,A,2014,12.657
GBR,GRADRATEFIELD,HEALTH,PC,A,2015,13.264
GBR,GRADRATEFIELD,HEALTH,PC,A,2016,13.663
GBR,GRADRATEFIELD,HEALTH,PC,A,2017,14.252
GBR,GRADRATEFIELD,HEALTH,PC,A,2018,14.691
GBR,GRADRATEFIELD,HEALTH,PC,A,2019,13.613
GBR,GRADRATEFIELD,HEALTH,PC,A,2020,13.768
GBR,GRADRATEFIELD,ARTS,PC,A,2005,15.92
GBR,GRADRATEFIELD,ARTS,PC,A,2012,17.081
GBR,GRADRATEFIELD,ARTS,PC,A,2013,17.016
GBR,GRADRATEFIELD,ARTS,PC,A,2014,16.94
GBR,GRADRATEFIELD,ARTS,PC,A,2015,15.492
GBR,GRADRATEFIELD,ARTS,PC,A,2016,15.364
GBR,GRADRATEFIELD,ARTS,PC,A,2017,15.153
GBR,GRADRATEFIELD,ARTS,PC,A,2018,14.684
GBR,GRADRATEFIELD,ARTS,PC,A,2019,14.76
GBR,GRADRATEFIELD,ARTS,PC,A,2020,14.587
GBR,GRADRATEFIELD,BUSINESS,PC,A,2005,21.256
GBR,GRADRATEFIELD,BUSINESS,PC,A,2012,21.705
GBR,GRADRATEFIELD,BUSINESS,PC,A,2013,21.732
GBR,GRADRATEFIELD,BUSINESS,PC,A,2014,20.812
GBR,GRADRATEFIELD,BUSINESS,PC,A,2015,21.963
GBR,GRADRATEFIELD,BUSINESS,PC,A,2016,22.221
GBR,GRADRATEFIELD,BUSINESS,PC,A,2017,22.07
GBR,GRADRATEFIELD,BUSINESS,PC,A,2018,22.249
GBR,GRADRATEFIELD,BUSINESS,PC,A,2019,24.091
GBR,GRADRATEFIELD,BUSINESS,PC,A,2020,24.022
GBR,GRADRATEFIELD,ENGINEERING,PC,A,2005,8.762
GBR,GRADRATEFIELD,ENGINEERING,PC,A,2012,9.772
GBR,GRADRATEFIELD,ENGINEERING,PC,A,2013,9.5
GBR,GRADRATEFIELD,ENGINEERING,PC,A,2014,9.205
GBR,GRADRATEFIELD,ENGINEERING,PC,A,2015,9.155
GBR,GRADRATEFIELD,ENGINEERING,PC,A,2016,9.132
GBR,GRADRATEFIELD,ENGINEERING,PC,A,2017,9.083
GBR,GRADRATEFIELD,ENGINEERING,PC,A,2018,9.065
GBR,GRADRATEFIELD,ENGINEERING,PC,A,2019,8.859
GBR,GRADRATEFIELD,ENGINEERING,PC,A,2020,9.149
GBR,GRADRATEFIELD,SOC_SCI,PC,A,2005,11.579
GBR,GRADRATEFIELD,SOC_SCI,PC,A,2012,12.399
GBR,GRADRATEFIELD,SOC_SCI,PC,A,2013,9.841
GBR,GRADRATEFIELD,SOC_SCI,PC,A,2014,10.287
GBR,GRADRATEFIELD,SOC_SCI,PC,A,2015,11.82
GBR,GRADRATEFIELD,SOC_SCI,PC,A,2016,11.747
GBR,GRADRATEFIELD,SOC_SCI,PC,A,2017,11.644
GBR,GRADRATEFIELD,SOC_SCI,PC,A,2018,11.567
GBR,GRADRATEFIELD,SOC_SCI,PC,A,2019,11.812
GBR,GRADRATEFIELD,SOC_SCI,PC,A,2020,16.098
USA,GRADRATEFIELD,EDU,PC,A,2005,10.289
USA,GRADRATEFIELD,EDU,PC,A,2010,9.247
USA,GRADRATEFIELD,EDU,PC,A,2011,9.012
USA,GRADRATEFIELD,EDU,PC,A,2012,8.462
USA,GRADRATEFIELD,EDU,PC,A,2013,7.942
USA,GRADRATEFIELD,EDU,PC,A,2014,7.443
USA,GRADRATEFIELD,EDU,PC,A,2015,6.97
USA,GRADRATEFIELD,EDU,PC,A,2016,6.752
USA,GRADRATEFIELD,EDU,PC,A,2017,6.619
USA,GRADRATEFIELD,EDU,PC,A,2018,6.495
USA,GRADRATEFIELD,EDU,PC,A,2019,6.436
USA,GRADRATEFIELD,EDU,PC,A,2020,6.387
USA,GRADRATEFIELD,HEALTH,PC,A,2005,11.834
USA,GRADRATEFIELD,HEALTH,PC,A,2010,14.264
USA,GRADRATEFIELD,HEALTH,PC,A,2011,14.811
USA,GRADRATEFIELD,HEALTH,PC,A,2012,15.488
USA,GRADRATEFIELD,HEALTH,PC,A,2013,15.973
USA,GRADRATEFIELD,HEALTH,PC,A,2014,16.444
USA,GRADRATEFIELD,HEALTH,PC,A,2015,16.786
USA,GRADRATEFIELD,HEALTH,PC,A,2016,17.01
USA,GRADRATEFIELD,HEALTH,PC,A,2017,17.165
USA,GRADRATEFIELD,HEALTH,PC,A,2018,17.266
USA,GRADRATEFIELD,HEALTH,PC,A,2019,17.399
USA,GRADRATEFIELD,HEALTH,PC,A,2020,19.361
USA,GRADRATEFIELD,ARTS,PC,A,2005,21.118
USA,GRADRATEFIELD,ARTS,PC,A,2010,20.288
USA,GRADRATEFIELD,ARTS,PC,A,2011,19.999
USA,GRADRATEFIELD,ARTS,PC,A,2012,20.17
USA,GRADRATEFIELD,ARTS,PC,A,2013,20.195
USA,GRADRATEFIELD,ARTS,PC,A,2014,20.002
USA,GRADRATEFIELD,ARTS,PC,A,2015,19.792
USA,GRADRATEFIELD,ARTS,PC,A,2016,19.654
USA,GRADRATEFIELD,ARTS,PC,A,2017,19.37
USA,GRADRATEFIELD,ARTS,PC,A,2018,19.373
USA,GRADRATEFIELD,ARTS,PC,A,2019,19.389
USA,GRADRATEFIELD,ARTS,PC,A,2020,17.852
USA,GRADRATEFIELD,BUSINESS,PC,A,2005,21.909
USA,GRADRATEFIELD,BUSINESS,PC,A,2010,21.885
USA,GRADRATEFIELD,BUSINESS,PC,A,2011,21.418
USA,GRADRATEFIELD,BUSINESS,PC,A,2012,20.788
USA,GRADRATEFIELD,BUSINESS,PC,A,2013,20.163
USA,GRADRATEFIELD,BUSINESS,PC,A,2014,19.803
USA,GRADRATEFIELD,BUSINESS,PC,A,2015,19.514
USA,GRADRATEFIELD,BUSINESS,PC,A,2016,19.304
USA,GRADRATEFIELD,BUSINESS,PC,A,2017,19.123
USA,GRADRATEFIELD,BUSINESS,PC,A,2018,19.079
USA,GRADRATEFIELD,BUSINESS,PC,A,2019,18.961
USA,GRADRATEFIELD,BUSINESS,PC,A,2020,18.676
USA,GRADRATEFIELD,ENGINEERING,PC,A,2005,6.853
USA,GRADRATEFIELD,ENGINEERING,PC,A,2010,6.419
USA,GRADRATEFIELD,ENGINEERING,PC,A,2011,6.538
USA,GRADRATEFIELD,ENGINEERING,PC,A,2012,6.421
USA,GRADRATEFIELD,ENGINEERING,PC,A,2013,6.387
USA,GRADRATEFIELD,ENGINEERING,PC,A,2014,6.499
USA,GRADRATEFIELD,ENGINEERING,PC,A,2015,6.723
USA,GRADRATEFIELD,ENGINEERING,PC,A,2016,6.929
USA,GRADRATEFIELD,ENGINEERING,PC,A,2017,7.174
USA,GRADRATEFIELD,ENGINEERING,PC,A,2018,7.24
USA,GRADRATEFIELD,ENGINEERING,PC,A,2019,7.189
USA,GRADRATEFIELD,ENGINEERING,PC,A,2020,7.179
USA,GRADRATEFIELD,SOC_SCI,PC,A,2005,12.544
USA,GRADRATEFIELD,SOC_SCI,PC,A,2010,12.245
USA,GRADRATEFIELD,SOC_SCI,PC,A,2011,12.118
USA,GRADRATEFIELD,SOC_SCI,PC,A,2012,12.056
USA,GRADRATEFIELD,SOC_SCI,PC,A,2013,12.191
USA,GRADRATEFIELD,SOC_SCI,PC,A,2014,12.249
USA,GRADRATEFIELD,SOC_SCI,PC,A,2015,12.124
USA,GRADRATEFIELD,SOC_SCI,PC,A,2016,12.018
USA,GRADRATEFIELD,SOC_SCI,PC,A,2017,11.908
USA,GRADRATEFIELD,SOC_SCI,PC,A,2018,11.838
USA,GRADRATEFIELD,SOC_SCI,PC,A,2019,11.812
USA,GRADRATEFIELD,SOC_SCI,PC,A,2020,13.012
BRA,GRADRATEFIELD,EDU,PC,A,2014,20.222
BRA,GRADRATEFIELD,EDU,PC,A,2015,19.901
BRA,GRADRATEFIELD,EDU,PC,A,2016,19.699
BRA,GRADRATEFIELD,EDU,PC,A,2017,20.346
BRA,GRADRATEFIELD,EDU,PC,A,2018,19.106
BRA,GRADRATEFIELD,EDU,PC,A,2019,19.591
BRA,GRADRATEFIELD,EDU,PC,A,2020,18.536
BRA,GRADRATEFIELD,HEALTH,PC,A,2014,13.404
BRA,GRADRATEFIELD,HEALTH,PC,A,2015,13.819
BRA,GRADRATEFIELD,HEALTH,PC,A,2016,13.944
BRA,GRADRATEFIELD,HEALTH,PC,A,2017,14.683
BRA,GRADRATEFIELD,HEALTH,PC,A,2018,16.319
BRA,GRADRATEFIELD,HEALTH,PC,A,2019,16.396
BRA,GRADRATEFIELD,HEALTH,PC,A,2020,16.564
BRA,GRADRATEFIELD,ARTS,PC,A,2014,3.307
BRA,GRADRATEFIELD,ARTS,PC,A,2015,3.129
BRA,GRADRATEFIELD,ARTS,PC,A,2016,3.17
BRA,GRADRATEFIELD,ARTS,PC,A,2017,3.239
BRA,GRADRATEFIELD,ARTS,PC,A,2018,3.138
BRA,GRADRATEFIELD,ARTS,PC,A,2019,3.551
BRA,GRADRATEFIELD,ARTS,PC,A,2020,2.837
BRA,GRADRATEFIELD,BUSINESS,PC,A,2014,37.635
BRA,GRADRATEFIELD,BUSINESS,PC,A,2015,37.428
BRA,GRADRATEFIELD,BUSINESS,PC,A,2016,35.564
BRA,GRADRATEFIELD,BUSINESS,PC,A,2017,33.488
BRA,GRADRATEFIELD,BUSINESS,PC,A,2018,32.483
BRA,GRADRATEFIELD,BUSINESS,PC,A,2019,31.601
BRA,GRADRATEFIELD,BUSINESS,PC,A,2020,34.043
BRA,GRADRATEFIELD,ENGINEERING,PC,A,2014,10.135
BRA,GRADRATEFIELD,ENGINEERING,PC,A,2015,9.527
BRA,GRADRATEFIELD,ENGINEERING,PC,A,2016,11.009
BRA,GRADRATEFIELD,ENGINEERING,PC,A,2017,11.964
BRA,GRADRATEFIELD,ENGINEERING,PC,A,2018,13.044
BRA,GRADRATEFIELD,ENGINEERING,PC,A,2019,12.826
BRA,GRADRATEFIELD,ENGINEERING,PC,A,2020,11.946
BRA,GRADRATEFIELD,SOC_SCI,PC,A,2014,4.46
BRA,GRADRATEFIELD,SOC_SCI,PC,A,2015,4.222
BRA,GRADRATEFIELD,SOC_SCI,PC,A,2016,4.484
BRA,GRADRATEFIELD,SOC_SCI,PC,A,2017,4.664
BRA,GRADRATEFIELD,SOC_SCI,PC,A,2018,5.042
BRA,GRADRATEFIELD,SOC_SCI,PC,A,2019,5.1
BRA,GRADRATEFIELD,SOC_SCI,PC,A,2020,4.642
CHL,GRADRATEFIELD,EDU,PC,A,2013,15.921
CHL,GRADRATEFIELD,EDU,PC,A,2014,16.057
CHL,GRADRATEFIELD,EDU,PC,A,2015,15.396
CHL,GRADRATEFIELD,EDU,PC,A,2016,15.054
CHL,GRADRATEFIELD,EDU,PC,A,2017,14.96
CHL,GRADRATEFIELD,EDU,PC,A,2018,14.069
CHL,GRADRATEFIELD,EDU,PC,A,2019,15.375
CHL,GRADRATEFIELD,EDU,PC,A,2020,16.153
CHL,GRADRATEFIELD,HEALTH,PC,A,2013,21.697
CHL,GRADRATEFIELD,HEALTH,PC,A,2014,21.535
CHL,GRADRATEFIELD,HEALTH,PC,A,2015,21.426
CHL,GRADRATEFIELD,HEALTH,PC,A,2016,21.461
CHL,GRADRATEFIELD,HEALTH,PC,A,2017,21.667
CHL,GRADRATEFIELD,HEALTH,PC,A,2018,22.402
CHL,GRADRATEFIELD,HEALTH,PC,A,2019,21.227
CHL,GRADRATEFIELD,HEALTH,PC,A,2020,17.499
CHL,GRADRATEFIELD,ARTS,PC,A,2013,4.356
CHL,GRADRATEFIELD,ARTS,PC,A,2014,4.027
CHL,GRADRATEFIELD,ARTS,PC,A,2015,3.55
CHL,GRADRATEFIELD,ARTS,PC,A,2016,3.206
CHL,GRADRATEFIELD,ARTS,PC,A,2017,3.333
CHL,GRADRATEFIELD,ARTS,PC,A,2018,3.077
CHL,GRADRATEFIELD,ARTS,PC,A,2019,3.099
CHL,GRADRATEFIELD,ARTS,PC,A,2020,3.131
CHL,GRADRATEFIELD,BUSINESS,PC,A,2013,22.361
CHL,GRADRATEFIELD,BUSINESS,PC,A,2014,22.399
CHL,GRADRATEFIELD,BUSINESS,PC,A,2015,22.519
CHL,GRADRATEFIELD,BUSINESS,PC,A,2016,24.473
CHL,GRADRATEFIELD,BUSINESS,PC,A,2017,24.041
CHL,GRADRATEFIELD,BUSINESS,PC,A,2018,24.62
CHL,GRADRATEFIELD,BUSINESS,PC,A,2019,25.842
CHL,GRADRATEFIELD,BUSINESS,PC,A,2020,29.22
CHL,GRADRATEFIELD,ENGINEERING,PC,A,2013,14.767
CHL,GRADRATEFIELD,ENGINEERING,PC,A,2014,15.205
CHL,GRADRATEFIELD,ENGINEERING,PC,A,2015,15.665
CHL,GRADRATEFIELD,ENGINEERING,PC,A,2016,15.53
CHL,GRADRATEFIELD,ENGINEERING,PC,A,2017,16.267
CHL,GRADRATEFIELD,ENGINEERING,PC,A,2018,16.759
CHL,GRADRATEFIELD,ENGINEERING,PC,A,2019,16.391
CHL,GRADRATEFIELD,ENGINEERING,PC,A,2020,16.692
CHL,GRADRATEFIELD,SOC_SCI,PC,A,2013,5.846
CHL,GRADRATEFIELD,SOC_SCI,PC,A,2014,4.65
CHL,GRADRATEFIELD,SOC_SCI,PC,A,2015,4.319
CHL,GRADRATEFIELD,SOC_SCI,PC,A,2016,3.67
CHL,GRADRATEFIELD,SOC_SCI,PC,A,2017,4.04
CHL,GRADRATEFIELD,SOC_SCI,PC,A,2018,4.0
CHL,GRADRATEFIELD,SOC_SCI,PC,A,2019,4.475
CHL,GRADRATEFIELD,SOC_SCI,PC,A,2020,4.883
COL,GRADRATEFIELD,EDU,PC,A,2013,8.337
COL,GRADRATEFIELD,EDU,PC,A,2014,8.592
COL,GRADRATEFIELD,EDU,PC,A,2015,8.507
COL,GRADRATEFIELD,EDU,PC,A,2016,8.193
COL,GRADRATEFIELD,EDU,PC,A,2017,7.951
COL,GRADRATEFIELD,EDU,PC,A,2018,8.393
COL,GRADRATEFIELD,EDU,PC,A,2019,8.526
COL,GRADRATEFIELD,EDU,PC,A,2020,8.607
COL,GRADRATEFIELD,HEALTH,PC,A,2013,7.3
COL,GRADRATEFIELD,HEALTH,PC,A,2014,7.304
COL,GRADRATEFIELD,HEALTH,PC,A,2015,6.874
COL,GRADRATEFIELD,HEALTH,PC,A,2016,6.765
COL,GRADRATEFIELD,HEALTH,PC,A,2017,6.434
COL,GRADRATEFIELD,HEALTH,PC,A,2018,6.409
COL,GRADRATEFIELD,HEALTH,PC,A,2019,5.917
COL,GRADRATEFIELD,HEALTH,PC,A,2020,6.397
COL,GRADRATEFIELD,ARTS,PC,A,2013,3.944
COL,GRADRATEFIELD,ARTS,PC,A,2014,4.01
COL,GRADRATEFIELD,ARTS,PC,A,2015,4.129
COL,GRADRATEFIELD,ARTS,PC,A,2016,3.892
COL,GRADRATEFIELD,ARTS,PC,A,2017,3.653
COL,GRADRATEFIELD,ARTS,PC,A,2018,3.654
COL,GRADRATEFIELD,ARTS,PC,A,2019,3.325
COL,GRADRATEFIELD,ARTS,PC,A,2020,2.935
COL,GRADRATEFIELD,BUSINESS,PC,A,2013,44.771
COL,GRADRATEFIELD,BUSINESS,PC,A,2014,45.28
COL,GRADRATEFIELD,BUSINESS,PC,A,2015,45.323
COL,GRADRATEFIELD,BUSINESS,PC,A,2016,45.927
COL,GRADRATEFIELD,BUSINESS,PC,A,2017,46.155
COL,GRADRATEFIELD,BUSINESS,PC,A,2018,45.968
COL,GRADRATEFIELD,BUSINESS,PC,A,2019,42.023
COL,GRADRATEFIELD,BUSINESS,PC,A,2020,41.667
COL,GRADRATEFIELD,ENGINEERING,PC,A,2013,15.679
COL,GRADRATEFIELD,ENGINEERING,PC,A,2014,16.406
COL,GRADRATEFIELD,ENGINEERING,PC,A,2015,16.023
COL,GRADRATEFIELD,ENGINEERING,PC,A,2016,16.729
COL,GRADRATEFIELD,ENGINEERING,PC,A,2017,17.25
COL,GRADRATEFIELD,ENGINEERING,PC,A,2018,16.922
COL,GRADRATEFIELD,ENGINEERING,PC,A,2019,19.094
COL,GRADRATEFIELD,ENGINEERING,PC,A,2020,18.262
COL,GRADRATEFIELD,SOC_SCI,PC,A,2013,6.118
COL,GRADRATEFIELD,SOC_SCI,PC,A,2014,6.119
COL,GRADRATEFIELD,SOC_SCI,PC,A,2015,6.685
COL,GRADRATEFIELD,SOC_SCI,PC,A,2016,6.646
COL,GRADRATEFIELD,SOC_SCI,PC,A,2017,6.81
COL,GRADRATEFIELD,SOC_SCI,PC,A,2018,7.264
COL,GRADRATEFIELD,SOC_SCI,PC,A,2019,9.242
COL,GRADRATEFIELD,SOC_SCI,PC,A,2020,10.464
CRI,GRADRATEFIELD,EDU,PC,A,2013,23.526
CRI,GRADRATEFIELD,EDU,PC,A,2014,23.08
CRI,GRADRATEFIELD,EDU,PC,A,2015,21.835
CRI,GRADRATEFIELD,EDU,PC,A,2016,21.733
CRI,GRADRATEFIELD,EDU,PC,A,2017,21.407
CRI,GRADRATEFIELD,EDU,PC,A,2018,21.736
CRI,GRADRATEFIELD,EDU,PC,A,2019,23.913
CRI,GRADRATEFIELD,EDU,PC,A,2020,23.643
CRI,GRADRATEFIELD,HEALTH,PC,A,2013,15.114
CRI,GRADRATEFIELD,HEALTH,PC,A,2014,15.789
CRI,GRADRATEFIELD,HEALTH,PC,A,2015,15.564
CRI,GRADRATEFIELD,HEALTH,PC,A,2016,14.244
CRI,GRADRATEFIELD,HEALTH,PC,A,2017,14.664
CRI,GRADRATEFIELD,HEALTH,PC,A,2018,13.835
CRI,GRADRATEFIELD,HEALTH,PC,A,2019,12.886
CRI,GRADRATEFIELD,HEALTH,PC,A,2020,12.075
CRI,GRADRATEFIELD,ARTS,PC,A,2013,2.788
CRI,GRADRATEFIELD,ARTS,PC,A,2014,2.421
CRI,GRADRATEFIELD,ARTS,PC,A,2015,2.85
CRI,GRADRATEFIELD,ARTS,PC,A,2016,3.099
CRI,GRADRATEFIELD,ARTS,PC,A,2017,3.176
CRI,GRADRATEFIELD,ARTS,PC,A,2018,3.077
CRI,GRADRATEFIELD,ARTS,PC,A,2019,2.819
CRI,GRADRATEFIELD,ARTS,PC,A,2020,3.425
CRI,GRADRATEFIELD,BUSINESS,PC,A,2014,35.32
CRI,GRADRATEFIELD,BUSINESS,PC,A,2015,39.136
CRI,GRADRATEFIELD,BUSINESS,PC,A,2016,36.09
CRI,GRADRATEFIELD,BUSINESS,PC,A,2017,35.643
CRI,GRADRATEFIELD,BUSINESS,PC,A,2018,36.676
CRI,GRADRATEFIELD,BUSINESS,PC,A,2019,35.531
CRI,GRADRATEFIELD,BUSINESS,PC,A,2020,36.049
CRI,GRADRATEFIELD,ENGINEERING,PC,A,2013,6.469
CRI,GRADRATEFIELD,ENGINEERING,PC,A,2014,7.122
CRI,GRADRATEFIELD,ENGINEERING,PC,A,2015,7.106
CRI,GRADRATEFIELD,ENGINEERING,PC,A,2016,7.009
CRI,GRADRATEFIELD,ENGINEERING,PC,A,2017,7.43
CRI,GRADRATEFIELD,ENGINEERING,PC,A,2018,7.509
CRI,GRADRATEFIELD,ENGINEERING,PC,A,2019,8.359
CRI,GRADRATEFIELD,ENGINEERING,PC,A,2020,7.504
CRI,GRADRATEFIELD,SOC_SCI,PC,A,2013,41.823
CRI,GRADRATEFIELD,SOC_SCI,PC,A,2014,6.489
CRI,GRADRATEFIELD,SOC_SCI,PC,A,2015,4.916
CRI,GRADRATEFIELD,SOC_SCI,PC,A,2016,6.992
CRI,GRADRATEFIELD,SOC_SCI,PC,A,2017,6.12
CRI,GRADRATEFIELD,SOC_SCI,PC,A,2018,5.745
CRI,GRADRATEFIELD,SOC_SCI,PC,A,2019,5.496
CRI,GRADRATEFIELD,SOC_SCI,PC,A,2020,5.591
EST,GRADRATEFIELD,EDU,PC,A,2013,8.126
EST,GRADRATEFIELD,EDU,PC,A,2014,7.782
EST,GRADRATEFIELD,EDU,PC,A,2015,7.969
EST,GRADRATEFIELD,EDU,PC,A,2016,7.605
EST,GRADRATEFIELD,EDU,PC,A,2017,6.829
EST,GRADRATEFIELD,EDU,PC,A,2018,7.29
EST,GRADRATEFIELD,EDU,PC,A,2019,8.147
EST,GRADRATEFIELD,EDU,PC,A,2020,7.064
EST,GRADRATEFIELD,HEALTH,PC,A,2013,12.497
EST,GRADRATEFIELD,HEALTH,PC,A,2014,13.072
EST,GRADRATEFIELD,HEALTH,PC,A,2015,12.039
EST,GRADRATEFIELD,HEALTH,PC,A,2016,11.73
EST,GRADRATEFIELD,HEALTH,PC,A,2017,13.0
EST,GRADRATEFIELD,HEALTH,PC,A,2018,12.518
EST,GRADRATEFIELD,HEALTH,PC,A,2019,12.204
EST,GRADRATEFIELD,HEALTH,PC,A,2020,13.447
EST,GRADRATEFIELD,ARTS,PC,A,2013,13.168
EST,GRADRATEFIELD,ARTS,PC,A,2014,13.042
EST,GRADRATEFIELD,ARTS,PC,A,2015,12.277
EST,GRADRATEFIELD,ARTS,PC,A,2016,12.461
EST,GRADRATEFIELD,ARTS,PC,A,2017,12.509
EST,GRADRATEFIELD,ARTS,PC,A,2018,13.113
EST,GRADRATEFIELD,ARTS,PC,A,2019,12.381
EST,GRADRATEFIELD,ARTS,PC,A,2020,12.97
EST,GRADRATEFIELD,BUSINESS,PC,A,2013,23.732
EST,GRADRATEFIELD,BUSINESS,PC,A,2014,23.111
EST,GRADRATEFIELD,BUSINESS,PC,A,2015,24.678
EST,GRADRATEFIELD,BUSINESS,PC,A,2016,24.044
EST,GRADRATEFIELD,BUSINESS,PC,A,2017,23.212
EST,GRADRATEFIELD,BUSINESS,PC,A,2018,22.786
EST,GRADRATEFIELD,BUSINESS,PC,A,2019,23.786
EST,GRADRATEFIELD,BUSINESS,PC,A,2020,24.8
EST,GRADRATEFIELD,ENGINEERING,PC,A,2013,14.815
EST,GRADRATEFIELD,ENGINEERING,PC,A,2014,14.789
EST,GRADRATEFIELD,ENGINEERING,PC,A,2015,14.46
EST,GRADRATEFIELD,ENGINEERING,PC,A,2016,14.192
EST,GRADRATEFIELD,ENGINEERING,PC,A,2017,14.952
EST,GRADRATEFIELD,ENGINEERING,PC,A,2018,14.751
EST,GRADRATEFIELD,ENGINEERING,PC,A,2019,13.545
EST,GRADRATEFIELD,ENGINEERING,PC,A,2020,12.954
EST,GRADRATEFIELD,SOC_SCI,PC,A,2013,7.104
EST,GRADRATEFIELD,SOC_SCI,PC,A,2014,8.037
EST,GRADRATEFIELD,SOC_SCI,PC,A,2015,8.522
EST,GRADRATEFIELD,SOC_SCI,PC,A,2016,8.8
EST,GRADRATEFIELD,SOC_SCI,PC,A,2017,7.622
EST,GRADRATEFIELD,SOC_SCI,PC,A,2018,7.996
EST,GRADRATEFIELD,SOC_SCI,PC,A,2019,7.847
EST,GRADRATEFIELD,SOC_SCI,PC,A,2020,7.173
ISR,GRADRATEFIELD,EDU,PC,A,2020,22.084
ISR,GRADRATEFIELD,HEALTH,PC,A,2020,9.507
ISR,GRADRATEFIELD,ARTS,PC,A,2020,6.883
ISR,GRADRATEFIELD,BUSINESS,PC,A,2020,18.502
ISR,GRADRATEFIELD,ENGINEERING,PC,A,2020,16.409
ISR,GRADRATEFIELD,SOC_SCI,PC,A,2020,15.562
LVA,GRADRATEFIELD,EDU,PC,A,2005,17.744
LVA,GRADRATEFIELD,EDU,PC,A,2010,8.714
LVA,GRADRATEFIELD,EDU,PC,A,2011,7.428
LVA,GRADRATEFIELD,EDU,PC,A,2012,7.582
LVA,GRADRATEFIELD,EDU,PC,A,2013,7.487
LVA,GRADRATEFIELD,EDU,PC,A,2014,6.273
LVA,GRADRATEFIELD,EDU,PC,A,2015,6.75
LVA,GRADRATEFIELD,EDU,PC,A,2016,7.363
LVA,GRADRATEFIELD,EDU,PC,A,2017,4.141
LVA,GRADRATEFIELD,EDU,PC,A,2018,7.72
LVA,GRADRATEFIELD,EDU,PC,A,2019,8.742
LVA,GRADRATEFIELD,EDU,PC,A,2020,8.537
LVA,GRADRATEFIELD,HEALTH,PC,A,2005,4.968
LVA,GRADRATEFIELD,HEALTH,PC,A,2010,9.701
LVA,GRADRATEFIELD,HEALTH,PC,A,2011,14.147
LVA,GRADRATEFIELD,HEALTH,PC,A,2012,10.716
LVA,GRADRATEFIELD,HEALTH,PC,A,2013,18.232
LVA,GRADRATEFIELD,HEALTH,PC,A,2014,12.776
LVA,GRADRATEFIELD,HEALTH,PC,A,2015,13.994
LVA,GRADRATEFIELD,HEALTH,PC,A,2016,14.257
LVA,GRADRATEFIELD,HEALTH,PC,A,2017,17.07
LVA,GRADRATEFIELD,HEALTH,PC,A,2018,17.484
LVA,GRADRATEFIELD,HEALTH,PC,A,2019,18.447
LVA,GRADRATEFIELD,HEALTH,PC,A,2020,19.112
LVA,GRADRATEFIELD,ARTS,PC,A,2005,6.235
LVA,GRADRATEFIELD,ARTS,PC,A,2010,7.572
LVA,GRADRATEFIELD,ARTS,PC,A,2011,6.325
LVA,GRADRATEFIELD,ARTS,PC,A,2012,6.944
LVA,GRADRATEFIELD,ARTS,PC,A,2013,8.242
LVA,GRADRATEFIELD,ARTS,PC,A,2014,9.617
LVA,GRADRATEFIELD,ARTS,PC,A,2015,7.908
LVA,GRADRATEFIELD,ARTS,PC,A,2016,7.761
LVA,GRADRATEFIELD,ARTS,PC,A,2017,7.74
LVA,GRADRATEFIELD,ARTS,PC,A,2018,7.082
LVA,GRADRATEFIELD,ARTS,PC,A,2019,6.991
LVA,GRADRATEFIELD,ARTS,PC,A,2020,6.127
LVA,GRADRATEFIELD,BUSINESS,PC,A,2005,42.436
LVA,GRADRATEFIELD,BUSINESS,PC,A,2010,47.223
LVA,GRADRATEFIELD,BUSINESS,PC,A,2011,39.404
LVA,GRADRATEFIELD,BUSINESS,PC,A,2012,38.147
LVA,GRADRATEFIELD,BUSINESS,PC,A,2013,32.212
LVA,GRADRATEFIELD,BUSINESS,PC,A,2014,33.289
LVA,GRADRATEFIELD,BUSINESS,PC,A,2015,31.99
LVA,GRADRATEFIELD,BUSINESS,PC,A,2016,30.647
LVA,GRADRATEFIELD,BUSINESS,PC,A,2017,30.52
LVA,GRADRATEFIELD,BUSINESS,PC,A,2018,28.471
LVA,GRADRATEFIELD,BUSINESS,PC,A,2019,28.408
LVA,GRADRATEFIELD,BUSINESS,PC,A,2020,29.418
LVA,GRADRATEFIELD,ENGINEERING,PC,A,2005,9.048
LVA,GRADRATEFIELD,ENGINEERING,PC,A,2010,10.882
LVA,GRADRATEFIELD,ENGINEERING,PC,A,2011,10.128
LVA,GRADRATEFIELD,ENGINEERING,PC,A,2012,12.439
LVA,GRADRATEFIELD,ENGINEERING,PC,A,2013,13.091
LVA,GRADRATEFIELD,ENGINEERING,PC,A,2014,14.586
LVA,GRADRATEFIELD,ENGINEERING,PC,A,2015,12.508
LVA,GRADRATEFIELD,ENGINEERING,PC,A,2016,12.56
LVA,GRADRATEFIELD,ENGINEERING,PC,A,2017,12.785
LVA,GRADRATEFIELD,ENGINEERING,PC,A,2018,12.745
LVA,GRADRATEFIELD,ENGINEERING,PC,A,2019,12.52
LVA,GRADRATEFIELD,ENGINEERING,PC,A,2020,12.028
LVA,GRADRATEFIELD,SOC_SCI,PC,A,2005,13.513
LVA,GRADRATEFIELD,SOC_SCI,PC,A,2010,9.725
LVA,GRADRATEFIELD,SOC_SCI,PC,A,2011,9.069
LVA,GRADRATEFIELD,SOC_SCI,PC,A,2012,9.985
LVA,GRADRATEFIELD,SOC_SCI,PC,A,2013,7.649
LVA,GRADRATEFIELD,SOC_SCI,PC,A,2014,8.25
LVA,GRADRATEFIELD,SOC_SCI,PC,A,2015,9.3
LVA,GRADRATEFIELD,SOC_SCI,PC,A,2016,9.654
LVA,GRADRATEFIELD,SOC_SCI,PC,A,2017,9.118
LVA,GRADRATEFIELD,SOC_SCI,PC,A,2018,8.852
LVA,GRADRATEFIELD,SOC_SCI,PC,A,2019,7.691
LVA,GRADRATEFIELD,SOC_SCI,PC,A,2020,7.601
LTU,GRADRATEFIELD,EDU,PC,A,2005,16.028
LTU,GRADRATEFIELD,EDU,PC,A,2010,11.47
LTU,GRADRATEFIELD,EDU,PC,A,2011,10.873
LTU,GRADRATEFIELD,EDU,PC,A,2012,10.453
LTU,GRADRATEFIELD,EDU,PC,A,2013,10.843
LTU,GRADRATEFIELD,EDU,PC,A,2014,8.79
LTU,GRADRATEFIELD,EDU,PC,A,2015,7.067
LTU,GRADRATEFIELD,EDU,PC,A,2016,6.539
LTU,GRADRATEFIELD,EDU,PC,A,2017,6.173
LTU,GRADRATEFIELD,EDU,PC,A,2018,5.947
LTU,GRADRATEFIELD,EDU,PC,A,2019,5.889
LTU,GRADRATEFIELD,EDU,PC,A,2020,6.113
LTU,GRADRATEFIELD,HEALTH,PC,A,2005,10.088
LTU,GRADRATEFIELD,HEALTH,PC,A,2010,9.584
LTU,GRADRATEFIELD,HEALTH,PC,A,2011,8.72
LTU,GRADRATEFIELD,HEALTH,PC,A,2012,10.798
LTU,GRADRATEFIELD,HEALTH,PC,A,2013,11.359
LTU,GRADRATEFIELD,HEALTH,PC,A,2014,12.412
LTU,GRADRATEFIELD,HEALTH,PC,A,2015,13.777
LTU,GRADRATEFIELD,HEALTH,PC,A,2016,14.207
LTU,GRADRATEFIELD,HEALTH,PC,A,2017,16.974
LTU,GRADRATEFIELD,HEALTH,PC,A,2018,18.048
LTU,GRADRATEFIELD,HEALTH,PC,A,2019,18.669
LTU,GRADRATEFIELD,HEALTH,PC,A,2020,19.453
LTU,GRADRATEFIELD,ARTS,PC,A,2005,6.528
LTU,GRADRATEFIELD,ARTS,PC,A,2010,7.17
LTU,GRADRATEFIELD,ARTS,PC,A,2011,7.2
LTU,GRADRATEFIELD,ARTS,PC,A,2012,7.409
LTU,GRADRATEFIELD,ARTS,PC,A,2013,7.733
LTU,GRADRATEFIELD,ARTS,PC,A,2014,7.975
LTU,GRADRATEFIELD,ARTS,PC,A,2015,8.03
LTU,GRADRATEFIELD,ARTS,PC,A,2016,8.631
LTU,GRADRATEFIELD,ARTS,PC,A,2017,8.583
LTU,GRADRATEFIELD,ARTS,PC,A,2018,8.512
LTU,GRADRATEFIELD,ARTS,PC,A,2019,8.745
LTU,GRADRATEFIELD,ARTS,PC,A,2020,8.196
LTU,GRADRATEFIELD,BUSINESS,PC,A,2005,34.691
LTU,GRADRATEFIELD,BUSINESS,PC,A,2010,36.185
LTU,GRADRATEFIELD,BUSINESS,PC,A,2011,37.15
LTU,GRADRATEFIELD,BUSINESS,PC,A,2012,34.725
LTU,GRADRATEFIELD,BUSINESS,PC,A,2013,32.147
LTU,GRADRATEFIELD,BUSINESS,PC,A,2014,31.259
LTU,GRADRATEFIELD,BUSINESS,PC,A,2015,31.728
LTU,GRADRATEFIELD,BUSINESS,PC,A,2016,30.176
LTU,GRADRATEFIELD,BUSINESS,PC,A,2017,27.294
LTU,GRADRATEFIELD,BUSINESS,PC,A,2018,25.559
LTU,GRADRATEFIELD,BUSINESS,PC,A,2019,24.43
LTU,GRADRATEFIELD,BUSINESS,PC,A,2020,26.151
LTU,GRADRATEFIELD,ENGINEERING,PC,A,2005,17.716
LTU,GRADRATEFIELD,ENGINEERING,PC,A,2010,17.201
LTU,GRADRATEFIELD,ENGINEERING,PC,A,2011,17.522
LTU,GRADRATEFIELD,ENGINEERING,PC,A,2012,17.974
LTU,GRADRATEFIELD,ENGINEERING,PC,A,2013,18.051
LTU,GRADRATEFIELD,ENGINEERING,PC,A,2014,17.818
LTU,GRADRATEFIELD,ENGINEERING,PC,A,2015,17.283
LTU,GRADRATEFIELD,ENGINEERING,PC,A,2016,17.532
LTU,GRADRATEFIELD,ENGINEERING,PC,A,2017,18.913
LTU,GRADRATEFIELD,ENGINEERING,PC,A,2018,19.441
LTU,GRADRATEFIELD,ENGINEERING,PC,A,2019,19.16
LTU,GRADRATEFIELD,ENGINEERING,PC,A,2020,17.873
LTU,GRADRATEFIELD,SOC_SCI,PC,A,2005,5.607
LTU,GRADRATEFIELD,SOC_SCI,PC,A,2010,9.642
LTU,GRADRATEFIELD,SOC_SCI,PC,A,2011,9.894
LTU,GRADRATEFIELD,SOC_SCI,PC,A,2012,9.691
LTU,GRADRATEFIELD,SOC_SCI,PC,A,2013,10.869
LTU,GRADRATEFIELD,SOC_SCI,PC,A,2014,11.956
LTU,GRADRATEFIELD,SOC_SCI,PC,A,2015,12.147
LTU,GRADRATEFIELD,SOC_SCI,PC,A,2016,11.97
LTU,GRADRATEFIELD,SOC_SCI,PC,A,2017,10.183
LTU,GRADRATEFIELD,SOC_SCI,PC,A,2018,9.007
LTU,GRADRATEFIELD,SOC_SCI,PC,A,2019,9.276
LTU,GRADRATEFIELD,SOC_SCI,PC,A,2020,8.56
SVN,GRADRATEFIELD,EDU,PC,A,2012,6.962
SVN,GRADRATEFIELD,EDU,PC,A,2013,9.205
SVN,GRADRATEFIELD,EDU,PC,A,2014,9.658
SVN,GRADRATEFIELD,EDU,PC,A,2015,10.053
SVN,GRADRATEFIELD,EDU,PC,A,2016,11.151
SVN,GRADRATEFIELD,EDU,PC,A,2017,11.213
SVN,GRADRATEFIELD,EDU,PC,A,2018,11.133
SVN,GRADRATEFIELD,EDU,PC,A,2019,10.984
SVN,GRADRATEFIELD,EDU,PC,A,2020,11.169
SVN,GRADRATEFIELD,HEALTH,PC,A,2012,8.953
SVN,GRADRATEFIELD,HEALTH,PC,A,2013,10.06
SVN,GRADRATEFIELD,HEALTH,PC,A,2014,9.87
SVN,GRADRATEFIELD,HEALTH,PC,A,2015,10.107
SVN,GRADRATEFIELD,HEALTH,PC,A,2016,8.361
SVN,GRADRATEFIELD,HEALTH,PC,A,2017,12.498
SVN,GRADRATEFIELD,HEALTH,PC,A,2018,12.11
SVN,GRADRATEFIELD,HEALTH,PC,A,2019,12.503
SVN,GRADRATEFIELD,HEALTH,PC,A,2020,12.418
SVN,GRADRATEFIELD,ARTS,PC,A,2012,9.329
SVN,GRADRATEFIELD,ARTS,PC,A,2013,9.705
SVN,GRADRATEFIELD,ARTS,PC,A,2014,9.711
SVN,GRADRATEFIELD,ARTS,PC,A,2015,9.463
SVN,GRADRATEFIELD,ARTS,PC,A,2016,10.543
SVN,GRADRATEFIELD,ARTS,PC,A,2017,9.044
SVN,GRADRATEFIELD,ARTS,PC,A,2018,8.957
SVN,GRADRATEFIELD,ARTS,PC,A,2019,8.879
SVN,GRADRATEFIELD,ARTS,PC,A,2020,7.719
SVN,GRADRATEFIELD,BUSINESS,PC,A,2012,26.299
SVN,GRADRATEFIELD,BUSINESS,PC,A,2013,22.868
SVN,GRADRATEFIELD,BUSINESS,PC,A,2014,22.763
SVN,GRADRATEFIELD,BUSINESS,PC,A,2015,22.334
SVN,GRADRATEFIELD,BUSINESS,PC,A,2016,23.247
SVN,GRADRATEFIELD,BUSINESS,PC,A,2017,20.343
SVN,GRADRATEFIELD,BUSINESS,PC,A,2018,20.48
SVN,GRADRATEFIELD,BUSINESS,PC,A,2019,18.224
SVN,GRADRATEFIELD,BUSINESS,PC,A,2020,19.085
SVN,GRADRATEFIELD,ENGINEERING,PC,A,2012,16.956
SVN,GRADRATEFIELD,ENGINEERING,PC,A,2013,16.866
SVN,GRADRATEFIELD,ENGINEERING,PC,A,2014,16.022
SVN,GRADRATEFIELD,ENGINEERING,PC,A,2015,16.151
SVN,GRADRATEFIELD,ENGINEERING,PC,A,2016,16.957
SVN,GRADRATEFIELD,ENGINEERING,PC,A,2017,16.557
SVN,GRADRATEFIELD,ENGINEERING,PC,A,2018,17.158
SVN,GRADRATEFIELD,ENGINEERING,PC,A,2019,17.531
SVN,GRADRATEFIELD,ENGINEERING,PC,A,2020,17.555
SVN,GRADRATEFIELD,SOC_SCI,PC,A,2012,12.379
SVN,GRADRATEFIELD,SOC_SCI,PC,A,2013,12.156
SVN,GRADRATEFIELD,SOC_SCI,PC,A,2014,11.693
SVN,GRADRATEFIELD,SOC_SCI,PC,A,2015,11.996
SVN,GRADRATEFIELD,SOC_SCI,PC,A,2016,11.448
SVN,GRADRATEFIELD,SOC_SCI,PC,A,2017,10.402
SVN,GRADRATEFIELD,SOC_SCI,PC,A,2018,9.275
SVN,GRADRATEFIELD,SOC_SCI,PC,A,2019,9.248
SVN,GRADRATEFIELD,SOC_SCI,PC,A,2020,9.768
OAVG,GRADRATEFIELD,EDU,PC,A,2013,11.054
OAVG,GRADRATEFIELD,EDU,PC,A,2014,10.393
OAVG,GRADRATEFIELD,EDU,PC,A,2015,10.72
OAVG,GRADRATEFIELD,EDU,PC,A,2016,10.053
OAVG,GRADRATEFIELD,EDU,PC,A,2017,9.882
OAVG,GRADRATEFIELD,EDU,PC,A,2018,10.014
OAVG,GRADRATEFIELD,EDU,PC,A,2019,10.015
OAVG,GRADRATEFIELD,EDU,PC,A,2020,10.392
OAVG,GRADRATEFIELD,HEALTH,PC,A,2013,14.202
OAVG,GRADRATEFIELD,HEALTH,PC,A,2014,13.732
OAVG,GRADRATEFIELD,HEALTH,PC,A,2015,14.196
OAVG,GRADRATEFIELD,HEALTH,PC,A,2016,14.641
OAVG,GRADRATEFIELD,HEALTH,PC,A,2017,15.213
OAVG,GRADRATEFIELD,HEALTH,PC,A,2018,15.361
OAVG,GRADRATEFIELD,HEALTH,PC,A,2019,15.347
OAVG,GRADRATEFIELD,HEALTH,PC,A,2020,15.206
OAVG,GRADRATEFIELD,ARTS,PC,A,2013,10.032
OAVG,GRADRATEFIELD,ARTS,PC,A,2014,9.827
OAVG,GRADRATEFIELD,ARTS,PC,A,2015,9.999
OAVG,GRADRATEFIELD,ARTS,PC,A,2016,10.147
OAVG,GRADRATEFIELD,ARTS,PC,A,2017,9.861
OAVG,GRADRATEFIELD,ARTS,PC,A,2018,9.766
OAVG,GRADRATEFIELD,ARTS,PC,A,2019,9.64
OAVG,GRADRATEFIELD,ARTS,PC,A,2020,9.146
OAVG,GRADRATEFIELD,BUSINESS,PC,A,2013,25.873
OAVG,GRADRATEFIELD,BUSINESS,PC,A,2014,25.487
OAVG,GRADRATEFIELD,BUSINESS,PC,A,2015,25.609
OAVG,GRADRATEFIELD,BUSINESS,PC,A,2016,25.35
OAVG,GRADRATEFIELD,BUSINESS,PC,A,2017,25.163
OAVG,GRADRATEFIELD,BUSINESS,PC,A,2018,25.106
OAVG,GRADRATEFIELD,BUSINESS,PC,A,2019,24.562
OAVG,GRADRATEFIELD,BUSINESS,PC,A,2020,24.874
OAVG,GRADRATEFIELD,ENGINEERING,PC,A,2013,13.885
OAVG,GRADRATEFIELD,ENGINEERING,PC,A,2014,14.001
OAVG,GRADRATEFIELD,ENGINEERING,PC,A,2015,14.123
OAVG,GRADRATEFIELD,ENGINEERING,PC,A,2016,14.165
OAVG,GRADRATEFIELD,ENGINEERING,PC,A,2017,14.221
OAVG,GRADRATEFIELD,ENGINEERING,PC,A,2018,14.083
OAVG,GRADRATEFIELD,ENGINEERING,PC,A,2019,14.244
OAVG,GRADRATEFIELD,ENGINEERING,PC,A,2020,13.743
OAVG,GRADRATEFIELD,SOC_SCI,PC,A,2013,10.518
OAVG,GRADRATEFIELD,SOC_SCI,PC,A,2014,8.892
OAVG,GRADRATEFIELD,SOC_SCI,PC,A,2015,9.636
OAVG,GRADRATEFIELD,SOC_SCI,PC,A,2016,9.958
OAVG,GRADRATEFIELD,SOC_SCI,PC,A,2017,9.559
OAVG,GRADRATEFIELD,SOC_SCI,PC,A,2018,9.417
OAVG,GRADRATEFIELD,SOC_SCI,PC,A,2019,9.635
OAVG,GRADRATEFIELD,SOC_SCI,PC,A,2020,10.187
